-- phpMyAdmin SQL Dump
-- version 4.8.5
-- https://www.phpmyadmin.net/
--
-- Servidor: 127.0.0.1
-- Tiempo de generación: 16-03-2020 a las 09:28:31
-- Versión del servidor: 10.1.38-MariaDB
-- Versión de PHP: 7.3.2

SET SQL_MODE = "NO_AUTO_VALUE_ON_ZERO";
SET AUTOCOMMIT = 0;
START TRANSACTION;
SET time_zone = "+00:00";


/*!40101 SET @OLD_CHARACTER_SET_CLIENT=@@CHARACTER_SET_CLIENT */;
/*!40101 SET @OLD_CHARACTER_SET_RESULTS=@@CHARACTER_SET_RESULTS */;
/*!40101 SET @OLD_COLLATION_CONNECTION=@@COLLATION_CONNECTION */;
/*!40101 SET NAMES utf8mb4 */;

--
-- Base de datos: `dbscps`
--

-- --------------------------------------------------------

--
-- Estructura de tabla para la tabla `leaves`
--

CREATE TABLE `leaves` (
  `id` int(10) UNSIGNED NOT NULL,
  `user_id` int(10) UNSIGNED NOT NULL,
  `leavetype_id` int(10) UNSIGNED NOT NULL,
  `fh_from` datetime NOT NULL,
  `fh_to` datetime NOT NULL,
  `description` mediumtext COLLATE utf8mb4_unicode_ci NOT NULL,
  `resp_status` enum('AUTORIZADO','RECHAZADO','EN ESPERA') COLLATE utf8mb4_unicode_ci NOT NULL DEFAULT 'EN ESPERA',
  `resp_msg` mediumtext COLLATE utf8mb4_unicode_ci,
  `resp_chdate` datetime DEFAULT NULL,
  `resp_name` varchar(120) COLLATE utf8mb4_unicode_ci DEFAULT NULL,
  `isread` int(11) DEFAULT NULL,
  `status` enum('ACTIVO','SUSPENDIDO') COLLATE utf8mb4_unicode_ci NOT NULL DEFAULT 'ACTIVO',
  `created_at` timestamp NULL DEFAULT NULL,
  `updated_at` timestamp NULL DEFAULT NULL
) ENGINE=InnoDB DEFAULT CHARSET=utf8mb4 COLLATE=utf8mb4_unicode_ci;

--
-- Volcado de datos para la tabla `leaves`
--

INSERT INTO `leaves` (`id`, `user_id`, `leavetype_id`, `fh_from`, `fh_to`, `description`, `resp_status`, `resp_msg`, `resp_chdate`, `resp_name`, `isread`, `status`, `created_at`, `updated_at`) VALUES
(1, 64, 3, '2020-01-02 10:20:00', '2020-01-02 11:20:00', 'VISITA AL LOCAL DE LA I.E.I. PRIVADA \"GOTITAS  DEL SABER\" A VERIFICAR LA INFRAESTRUCTURA EDUCATIVA.', 'AUTORIZADO', 'OK', '2020-01-02 10:21:10', 'CASMA PINTO, ROXANA ELIZABETH', NULL, 'ACTIVO', '2020-01-02 15:18:19', '2020-01-02 15:21:10'),
(2, 31, 4, '2020-01-02 11:40:00', '2020-01-02 12:30:00', 'COORDINACIÓN Y ENTREGA DEL ACTA DE CONFORMIDAD DE LA ENTREGA DE BIENES (COLCHONES) EN EL COAR AYACUCHO.', 'AUTORIZADO', 'SE AUTORIZA SU SALIDA', '2020-01-02 11:37:15', 'VILLANUEVA PARIONA, ROLANDO', NULL, 'ACTIVO', '2020-01-02 16:33:08', '2020-01-02 16:37:15'),
(3, 8, 6, '2020-01-02 15:45:00', '2020-01-02 17:30:00', 'UNSCH', 'AUTORIZADO', 'OK', '2020-01-02 15:37:26', 'RAMOS RÍOS, JESÚS MIGUEL', NULL, 'ACTIVO', '2020-01-02 20:35:25', '2020-01-02 20:37:26'),
(4, 32, 4, '0020-12-30 09:00:00', '0020-12-30 10:30:00', 'TRABAJO EN LA GERENCIA DE DESARROLLO SOBRE MATERIAL PARA LOS SERVICIOS EBE.', 'AUTORIZADO', 'TOMAR FOTOS DE LA REUNIÓN', '2020-01-03 08:56:42', 'VILLANUEVA PARIONA, ROLANDO', NULL, 'ACTIVO', '2020-01-03 13:55:03', '2020-01-03 13:56:42'),
(5, 64, 3, '2020-12-03 09:20:00', '2020-12-03 10:20:00', 'AL GOBIERNO REGIONAL A RECABAR DATOS SOBRE DEFENSA CIVIL RESPECTO AL LOCA DE LA DREA.', 'AUTORIZADO', 'OK', '2020-01-03 09:25:20', 'CASMA PINTO, ROXANA ELIZABETH', NULL, 'ACTIVO', '2020-01-03 14:22:21', '2020-01-03 14:25:20'),
(6, 2, 1, '2020-01-03 09:55:00', '2020-01-03 11:55:00', 'TRÁMITE DE DOCUMENTACIÓN PERSONVL', 'AUTORIZADO', 'OK', '2020-01-03 09:46:55', 'RAMOS RÍOS, JESÚS MIGUEL', NULL, 'ACTIVO', '2020-01-03 14:44:42', '2020-01-03 14:46:55'),
(7, 4, 1, '2020-01-06 08:00:00', '2020-01-06 09:30:00', 'POR ASUNTOS PARTICULARES', 'AUTORIZADO', 'OK', '2020-01-06 08:00:49', 'RAMOS RÍOS, JESÚS MIGUEL', NULL, 'ACTIVO', '2020-01-06 12:57:08', '2020-01-06 13:00:49'),
(8, 84, 3, '2020-06-01 09:00:00', '2020-06-01 11:00:00', 'FORMULACIÓN DEL PMI - EN LA OPMI - GRA', 'AUTORIZADO', 'OK', '2020-01-06 08:48:51', 'ESPINO MENDEZ, SANTIAGO', NULL, 'ACTIVO', '2020-01-06 13:43:58', '2020-01-06 13:48:51'),
(9, 83, 4, '2020-01-06 09:00:00', '2020-01-06 11:00:00', 'COORDINACIÓN CON LA OFICINA DE PROGRAMACIÓN MULTIANUAL DE INVERSIONES DEL GRA, PARA LA PROGRAMACIÓN DE LOS PROYECTOS', 'AUTORIZADO', 'OK', '2020-01-06 08:48:37', 'ESPINO MENDEZ, SANTIAGO', NULL, 'ACTIVO', '2020-01-06 13:46:52', '2020-01-06 13:48:37'),
(10, 2, 1, '2020-01-06 09:05:00', '2020-01-06 11:05:00', 'TRÁMITE DE DOCUMENTACIÓN PERSONVL', 'AUTORIZADO', 'OK', '2020-01-06 09:00:17', 'RAMOS RÍOS, JESÚS MIGUEL', NULL, 'ACTIVO', '2020-01-06 13:59:41', '2020-01-06 14:00:17'),
(11, 6, 3, '2020-01-06 09:10:00', '2020-01-06 09:35:00', 'ENTREGA DOCUMENTO A UGEL HUAMANGA', 'AUTORIZADO', 'OK', '2020-01-06 09:04:32', 'RAMOS RÍOS, JESÚS MIGUEL', NULL, 'ACTIVO', '2020-01-06 14:02:38', '2020-01-06 14:04:32'),
(12, 53, 3, '2020-01-06 10:00:00', '2020-01-06 13:00:00', 'EL EXPEDIENTE DE LA PROCURADURIA N° 2072601, UBICAR LOS COMPROBANTES DE PAGO Y FOTOCOPIAR, CON SUS LISTADOS Y TICKETS', 'AUTORIZADO', 'OK', '2020-01-06 09:31:23', 'RAMOS RÍOS, JESÚS MIGUEL', NULL, 'ACTIVO', '2020-01-06 14:21:57', '2020-01-06 14:31:23'),
(13, 50, 3, '2020-01-06 10:00:00', '2020-01-06 13:00:00', 'EL EXPEDIENTE DE LA PROCURADURIA N° 2072601, UBICAR LOS COMPROBANTES DE PAGO Y FOTOCOPIAR, CON SUS LISTADOS Y TICKETS', 'AUTORIZADO', 'OK', '2020-01-06 09:45:46', 'RAMOS RÍOS, JESÚS MIGUEL', NULL, 'ACTIVO', '2020-01-06 14:36:15', '2020-01-06 14:45:46'),
(14, 28, 3, '2023-01-06 10:20:00', '2023-01-06 01:00:00', 'SOCIALIZACIÓN DEL ESTUDIO DE DIAGNOSTICO IEST PÚBLICOS REGIÓN AYACUCHO PUCP-MINEDU EN GRA', 'AUTORIZADO', 'OK', '2020-01-06 10:16:39', 'RAMOS RÍOS, JESÚS MIGUEL', NULL, 'ACTIVO', '2020-01-06 15:15:04', '2020-01-06 15:16:39'),
(15, 38, 4, '2020-01-06 10:15:00', '2020-01-06 01:00:00', 'ESPECIALIZACIÓN DEL ESTUDIO DE DIAGNOSTICO IEST PÚBLICOS REGIÓN AYACUCHO PUCP-MINEDU EN GRA', 'AUTORIZADO', 'OK', '2020-01-06 10:18:57', 'VILLANUEVA PARIONA, ROLANDO', NULL, 'ACTIVO', '2020-01-06 15:17:20', '2020-01-06 15:18:57'),
(16, 42, 3, '2020-01-06 13:10:00', '2020-01-06 23:11:00', 'COORDINACIÓN EN LA SUB GERENCIA DE CULTURA, PARA LA ORGANIZACIÓN DE TALLER VIVENCIAL DE DANZAS DOCENTES FOLCLÓRICAS.', 'AUTORIZADO', 'AUTORIZADO', '2020-01-06 12:13:32', 'MENDOZA GUERRERO, MARINA CLEOFÉ', NULL, 'ACTIVO', '2020-01-06 17:11:16', '2020-01-06 17:13:32'),
(17, 50, 3, '2020-01-06 15:30:00', '2020-01-06 17:30:00', 'ATENCIÓN A REQUERIMIENTO DE LA PROCURADURÍA SOBRE REMISIÓN DE PAGOS A AFP INTEGRA EN LA OFICINA DE CONSTANCIA DE PAGOS', 'AUTORIZADO', 'OK', '2020-01-06 15:21:37', 'RAMOS RÍOS, JESÚS MIGUEL', NULL, 'ACTIVO', '2020-01-06 20:18:42', '2020-01-06 20:21:37'),
(18, 88, 6, '2020-01-06 15:40:00', '2020-01-06 17:30:00', 'EXAMEN EN LA UNSCH', 'EN ESPERA', NULL, NULL, NULL, NULL, 'SUSPENDIDO', '2020-01-06 20:19:07', '2020-01-07 20:52:13'),
(19, 50, 3, '2020-01-07 08:00:00', '2020-01-07 17:30:00', 'DAR ATENCIÓN A REQUERIMIENTO DE LA PROCURADURIA SOBRE REMISIÓN DE PLANILLAS DE PAGO A AFP, ADJUNTO COPIA MEMO 02-2020', 'AUTORIZADO', 'OK', '2020-01-07 08:21:25', 'RAMOS RÍOS, JESÚS MIGUEL', NULL, 'ACTIVO', '2020-01-07 13:14:57', '2020-01-07 13:21:25'),
(20, 53, 3, '2020-01-07 09:00:00', '2020-01-07 17:00:00', 'A FOTOCOPIAR COMPROBANTES DE PAGO DE AFP INTEGRA', 'AUTORIZADO', 'OK', '2020-01-07 08:52:47', 'RAMOS RÍOS, JESÚS MIGUEL', NULL, 'ACTIVO', '2020-01-07 13:51:33', '2020-01-07 13:52:47'),
(21, 2, 1, '2020-01-07 09:20:00', '2020-01-07 11:20:00', 'TRÁMITE DE DOCUMENTACIÓN PERSONVL', 'AUTORIZADO', 'OK', '2020-01-07 09:14:01', 'RAMOS RÍOS, JESÚS MIGUEL', NULL, 'ACTIVO', '2020-01-07 14:12:56', '2020-01-07 14:14:01'),
(22, 81, 2, '2020-01-07 10:20:00', '2020-01-07 12:00:00', 'CITA MEDICA-ESSALUD', 'AUTORIZADO', 'OK', '2020-01-07 10:05:43', 'ESPINO MENDEZ, SANTIAGO', NULL, 'ACTIVO', '2020-01-07 15:04:16', '2020-01-07 15:05:43'),
(23, 84, 3, '2020-07-01 10:15:00', '2020-07-01 12:00:00', 'COORDINACIÓN CON EL CONECTAMEF, RESPECTO AL PMI 2021-2023', 'AUTORIZADO', 'OK', '2020-01-07 10:14:46', 'ESPINO MENDEZ, SANTIAGO', NULL, 'ACTIVO', '2020-01-07 15:12:51', '2020-01-07 15:14:46'),
(24, 42, 4, '2020-01-07 10:30:00', '2020-01-07 13:00:00', 'APOYO EN LA EJECUCIÓN DEL TALLER DE ACTUALIZACIÓN DOCENTE EN DANZAS FOLKLÓRICAS, EN COORDINACIÓN MUNICIPALIDAD DE HUAMAN', 'AUTORIZADO', 'OK', '2020-01-07 10:26:06', 'RAMOS RÍOS, JESÚS MIGUEL', NULL, 'ACTIVO', '2020-01-07 15:22:34', '2020-01-07 15:26:06'),
(25, 4, 3, '2020-01-07 10:50:00', '2020-01-07 11:50:00', 'ESFAP \"FELIPE GUAMAN POMA DE AYALA\"', 'AUTORIZADO', 'OK', '2020-01-07 10:53:40', 'RAMOS RÍOS, JESÚS MIGUEL', NULL, 'ACTIVO', '2020-01-07 15:46:00', '2020-01-07 15:53:40'),
(26, 88, 6, '2020-01-07 16:00:00', '2020-01-07 17:50:00', 'EVALUACIÓN EN LA UNSCH', 'AUTORIZADO', 'OK', '2020-01-07 15:56:23', 'RAMOS RÍOS, JESÚS MIGUEL', NULL, 'ACTIVO', '2020-01-07 20:52:05', '2020-01-07 20:56:23'),
(27, 50, 3, '2020-01-08 08:30:00', '2020-01-08 17:30:00', 'DAR ATENCIÓN A REQUERIMIENTOS DE LA PROCURADURÍA SOBRE REMISIÓN DE PLANILLAS DE PAGO A AFP INTEGRA, ADJUNTO MEMO N° 02', 'AUTORIZADO', 'OK', '2020-01-08 08:10:35', 'RAMOS RÍOS, JESÚS MIGUEL', NULL, 'ACTIVO', '2020-01-08 13:09:21', '2020-01-08 13:10:35'),
(28, 53, 3, '2020-01-08 08:30:00', '2020-01-08 17:00:00', 'A EXTRAER INFORMACIÓN DE CPS DE AFP INTEGRA PARA DAR RESPUESTA A LA PROCURADURIA Y JUZGADO DE PAZ ; DEL 2009 AL 2017', 'AUTORIZADO', 'OK', '2020-01-08 08:19:37', 'RAMOS RÍOS, JESÚS MIGUEL', NULL, 'ACTIVO', '2020-01-08 13:17:54', '2020-01-08 13:19:37'),
(29, 83, 3, '2020-01-08 10:30:00', '2020-01-08 12:45:00', 'COORDINACIÓN CON LA OPMI DEL GRA, RESPECTO A LA INCORPORACIÓN DE PROYECTOS A LA CARTERA DEL PMI 2021-2023', 'AUTORIZADO', 'OK', '2020-01-08 10:16:18', 'ESPINO MENDEZ, SANTIAGO', NULL, 'ACTIVO', '2020-01-08 14:55:57', '2020-01-08 15:16:18'),
(30, 42, 3, '2020-01-08 10:30:00', '2020-01-08 12:30:00', 'REUNIÓN DE COORDINACIÓN, ENTREGA DE GALARDÓN A MAESTRO MÚSICO. GOBIERNO REGIONAL.', 'AUTORIZADO', 'AUTORIZADO', '2020-01-08 10:13:03', 'MENDOZA GUERRERO, MARINA CLEOFÉ', NULL, 'ACTIVO', '2020-01-08 15:02:26', '2020-01-08 15:13:03'),
(31, 68, 3, '2020-01-09 08:30:00', '2020-01-09 10:00:00', 'COORDINACIÓN SOBRE PRESENTACIÓN DE INVENTARIOS Y VERIFICACIÓN', 'AUTORIZADO', 'OK', '2020-01-09 07:36:34', 'BARRON MUNAILLA, MAURA', NULL, 'ACTIVO', '2020-01-09 12:28:59', '2020-01-09 12:36:34'),
(32, 50, 3, '2020-01-09 08:30:00', '2020-01-09 17:30:00', 'ATENCIÓN A REQUERIMIENTO DE LA PROCURADURÍA SOBRE REMISIÓN DE PLANILLAS DE PAGO A AFP, ADJUNTO MEMO N° 02-2020', 'AUTORIZADO', 'OK', '2020-01-09 08:00:08', 'NAVARRO PALOMINO, MARIA LOURDES', NULL, 'ACTIVO', '2020-01-09 12:54:45', '2020-01-09 13:00:08'),
(33, 53, 3, '2020-01-09 08:30:00', '2020-01-09 17:00:00', 'A CONTINUAR EXTRAER COMPRBANTES DE PAGO Y PLANILLAS DE AFP INTEGRA PARA INFORMAR A LA PROCURADURIA SOBRE PAGOS 2009-2017', 'AUTORIZADO', 'OK', '2020-01-09 08:04:02', 'NAVARRO PALOMINO, MARIA LOURDES', NULL, 'ACTIVO', '2020-01-09 13:03:11', '2020-01-09 13:04:02'),
(34, 75, 3, '2020-09-01 08:17:00', '2020-09-01 09:30:00', 'SUB GERENCIA DE PLANEAMIENTO - COORDINACIONES', 'AUTORIZADO', 'OK', '2020-01-09 08:20:02', 'ESPINO MENDEZ, SANTIAGO', NULL, 'ACTIVO', '2020-01-09 13:18:04', '2020-01-09 13:20:02'),
(35, 84, 3, '2020-01-09 08:30:00', '2020-01-09 11:30:00', 'COORDINACIÓN CON EL OPMI - GRA, PARA LA FORMULACIÓN DEL PMI', 'AUTORIZADO', 'OK', '2020-01-09 08:29:39', 'ESPINO MENDEZ, SANTIAGO', NULL, 'ACTIVO', '2020-01-09 13:26:35', '2020-01-09 13:29:39'),
(36, 83, 3, '2020-01-09 08:30:00', '2020-01-09 10:30:00', 'COORDINACIÓN CON LA OPMI DEL GRA-PARA LA INCORPORACIÓN DE PROYECTOS EN LA PROGRAMACIÓN 2021-2023', 'AUTORIZADO', 'OK', '2020-01-09 08:30:00', 'ESPINO MENDEZ, SANTIAGO', NULL, 'ACTIVO', '2020-01-09 13:28:42', '2020-01-09 13:30:00'),
(37, 64, 3, '2020-01-09 09:00:00', '2020-01-09 10:30:00', 'A LA OFICINA DE SUNARP  SOBRE TRAMITE DOCUMENTARIO DE DOS PREDIOS REGISTRADOS EN EL  SINABIP.', 'AUTORIZADO', 'OK', '2020-01-09 09:13:56', 'CASMA PINTO, ROXANA ELIZABETH', NULL, 'ACTIVO', '2020-01-09 14:04:07', '2020-01-09 14:13:56'),
(38, 26, 3, '2020-01-09 09:10:00', '2020-01-09 10:00:00', 'DEVOLUCIÓN  DE DOCUMENTOS A DIFERENTES INSTITUCIONES', 'AUTORIZADO', 'AUTORIZADO', '2020-01-09 09:06:36', 'MENDOZA GUERRERO, MARINA CLEOFÉ', NULL, 'ACTIVO', '2020-01-09 14:05:26', '2020-01-09 14:06:36'),
(39, 42, 1, '2020-01-09 09:30:00', '2020-01-09 11:30:00', 'TRÁMITES DE RENIEC', 'AUTORIZADO', 'AUTORIZADO', '2020-01-09 09:18:11', 'MENDOZA GUERRERO, MARINA CLEOFÉ', NULL, 'ACTIVO', '2020-01-09 14:17:14', '2020-01-09 14:18:11'),
(40, 17, 2, '2020-01-09 09:40:00', '2020-01-09 11:00:00', 'CITA ESSALUD', 'AUTORIZADO', 'OK', '2020-01-09 09:28:03', 'RAMOS RÍOS, JESÚS MIGUEL', NULL, 'ACTIVO', '2020-01-09 14:18:02', '2020-01-09 14:28:03'),
(41, 6, 1, '2020-01-09 10:30:00', '2020-01-09 12:30:00', 'PERMISO POR ASUNTOS PARTICULARES', 'AUTORIZADO', 'OK', '2020-01-09 09:42:47', 'RAMOS RÍOS, JESÚS MIGUEL', NULL, 'ACTIVO', '2020-01-09 14:37:25', '2020-01-09 14:42:47'),
(42, 20, 1, '2020-01-09 10:40:00', '2020-01-09 12:00:00', 'ASUNTOS PARTICULARES', 'AUTORIZADO', 'AUTORIZADO', '2020-01-09 10:31:05', 'MENDOZA GUERRERO, MARINA CLEOFÉ', NULL, 'ACTIVO', '2020-01-09 15:08:40', '2020-01-09 15:31:05'),
(43, 38, 1, '2019-01-09 10:50:00', '2019-01-09 12:30:00', 'TRAMITES DE DOCUMENTOS EN ESSALUD', 'AUTORIZADO', 'OK', '2020-01-09 10:47:59', 'VILLANUEVA PARIONA, ROLANDO', NULL, 'ACTIVO', '2020-01-09 15:43:51', '2020-01-09 15:47:59'),
(44, 27, 4, '2020-01-09 11:50:00', '2020-01-09 12:35:00', 'ENTREGA DE MATERIALES  AL  EX TRABAJADOR DEL CERA', 'AUTORIZADO', 'OK', '2020-01-09 11:49:19', 'VILLANUEVA PARIONA, ROLANDO', NULL, 'ACTIVO', '2020-01-09 16:46:20', '2020-01-09 16:49:19'),
(46, 64, 3, '2020-01-09 03:15:00', '2020-01-09 04:30:00', 'A SUNARP A TRAMITAR DOCUMENTOS.', 'AUTORIZADO', 'OK', '2020-01-09 15:16:57', 'CASMA PINTO, ROXANA ELIZABETH', NULL, 'ACTIVO', '2020-01-09 20:12:56', '2020-01-09 20:16:57'),
(47, 5, 2, '2020-01-10 07:30:00', '2020-01-10 08:30:00', 'CITA ESSALUD', 'AUTORIZADO', 'OK', '2020-01-10 07:32:47', 'RAMOS RÍOS, JESÚS MIGUEL', NULL, 'ACTIVO', '2020-01-10 12:32:31', '2020-01-10 12:32:47'),
(48, 17, 2, '2020-01-10 09:00:00', '2020-01-10 10:30:00', 'CITA ESSALUD', 'AUTORIZADO', 'OK', '2020-01-10 09:14:21', 'RAMOS RÍOS, JESÚS MIGUEL', NULL, 'ACTIVO', '2020-01-10 14:12:30', '2020-01-10 14:14:21'),
(49, 83, 3, '2020-01-10 10:00:00', '2020-01-10 12:00:00', 'REUNIÓN CON LA OFICINA DE PROGRAMACIÓN MULTIANUAL DE INVERSIONES DEL GRA', 'AUTORIZADO', 'OK', '2020-01-10 09:43:17', 'ESPINO MENDEZ, SANTIAGO', NULL, 'ACTIVO', '2020-01-10 14:22:36', '2020-01-10 14:43:17'),
(50, 25, 1, '2020-01-10 10:30:00', '2020-01-10 12:00:00', 'CITA MEDICA DE MI MENOR HIJA EN ESSALUD', 'AUTORIZADO', 'AUTORIZADO', '2020-01-10 09:38:35', 'MENDOZA GUERRERO, MARINA CLEOFÉ', NULL, 'ACTIVO', '2020-01-10 14:31:12', '2020-01-10 14:38:35'),
(51, 84, 3, '2020-01-10 10:00:00', '2020-01-10 12:30:00', 'REUNIÓN CON LA OPMI-GRA, FORMULACIÓN DEL PMI', 'AUTORIZADO', 'OK', '2020-01-10 09:43:29', 'ESPINO MENDEZ, SANTIAGO', NULL, 'ACTIVO', '2020-01-10 14:41:06', '2020-01-10 14:43:29'),
(52, 36, 4, '2020-01-10 12:11:00', '2020-01-10 13:11:00', 'REUNION DE COORDINACION EN ELGORE', 'AUTORIZADO', 'AUTORIZADO', '2020-01-10 12:13:01', 'MENDOZA GUERRERO, MARINA CLEOFÉ', NULL, 'ACTIVO', '2020-01-10 17:12:18', '2020-01-10 17:13:01'),
(53, 53, 3, '2020-01-13 09:00:00', '2020-01-13 17:30:00', 'A COPIAS DE CPS Y PLANILLAS EN LA OFICINA DE ARCHIVO CENTRAL DREA  DEL 2009-2017', 'AUTORIZADO', 'OK', '2020-01-13 08:25:03', 'NAVARRO PALOMINO, MARIA LOURDES', NULL, 'ACTIVO', '2020-01-13 13:22:15', '2020-01-13 13:25:03'),
(54, 50, 3, '2020-01-13 09:00:00', '2020-01-13 17:30:00', 'ATENDER EL REQUERIMIENTO DE LA PROCURADURÍA SOBRE REMISIÓN DE PLANILLAS DE PAGO A AFP INTEGRA EN LA OFI DE CONST DE PAGO', 'AUTORIZADO', 'OK', '2020-01-13 08:30:43', 'NAVARRO PALOMINO, MARIA LOURDES', NULL, 'ACTIVO', '2020-01-13 13:30:04', '2020-01-13 13:30:43'),
(55, 4, 1, '2020-01-13 09:30:00', '2020-01-13 11:00:00', 'PERMISO POR ASUNTOS PARTICULARES', 'AUTORIZADO', 'OK', '2020-01-13 09:37:00', 'RAMOS RÍOS, JESÚS MIGUEL', NULL, 'ACTIVO', '2020-01-13 14:18:30', '2020-01-13 14:37:00'),
(56, 17, 2, '2020-01-13 07:30:00', '2020-01-13 09:00:00', 'ESSALUD ANÁLISIS', 'AUTORIZADO', 'OK', '2020-01-13 09:36:47', 'RAMOS RÍOS, JESÚS MIGUEL', NULL, 'ACTIVO', '2020-01-13 14:20:37', '2020-01-13 14:36:47'),
(57, 6, 3, '2020-01-13 10:30:00', '2020-01-13 11:39:00', 'SEGUIMIENTO SOBRE VERIFICACIÓN DE INSPECCIÓN POR DEFENSA CIVIL DE LA MUNICIPALIDAD AL ISPP \"NUESTRA SEÑORA DE LOURDES\"', 'AUTORIZADO', 'OK', '2020-01-13 10:26:51', 'RAMOS RÍOS, JESÚS MIGUEL', NULL, 'ACTIVO', '2020-01-13 15:23:25', '2020-01-13 15:26:51'),
(58, 93, 2, '2020-01-13 12:10:00', '2020-01-13 15:00:00', 'CITA MEDICA', 'AUTORIZADO', 'OK', '2020-01-13 11:25:45', 'RAMOS RÍOS, JESÚS MIGUEL', NULL, 'ACTIVO', '2020-01-13 16:23:32', '2020-01-13 16:25:45'),
(59, 27, 1, '2020-01-13 15:20:00', '2020-01-13 16:23:00', 'GESTION DE ASUNTOS PARTICULARES', 'AUTORIZADO', 'SÍRVASE RECUEPERAR EL TIEMPO', '2020-01-13 15:30:01', 'VILLANUEVA PARIONA, ROLANDO', NULL, 'ACTIVO', '2020-01-13 20:20:24', '2020-01-13 20:30:01'),
(60, 53, 3, '2020-01-14 09:00:00', '2020-01-14 17:00:00', 'A SACAR COPIAS DE CPS  DE AFP INTEGRA DEL 2009 AL 2017', 'AUTORIZADO', 'OK', '2020-01-14 08:11:48', 'NAVARRO PALOMINO, MARIA LOURDES', NULL, 'ACTIVO', '2020-01-14 13:10:07', '2020-01-14 13:11:48'),
(61, 50, 3, '2020-01-14 09:00:00', '2020-01-14 17:00:00', 'SACAR COPIAS DE LOS CP\'S SOBRE LAS PLANILLAS DE PAGO DE AFP EN LA OFICINA DE CONSTANCIAS DE PAGO. ADJUNTO MEMO N° 02', 'AUTORIZADO', 'OK', '2020-01-14 08:17:49', 'NAVARRO PALOMINO, MARIA LOURDES', NULL, 'ACTIVO', '2020-01-14 13:17:25', '2020-01-14 13:17:49'),
(62, 37, 3, '2020-01-14 09:00:00', '2020-01-14 11:00:00', 'REGISTROS PÚBLICOS  AYACUCHO Y CONFECCIONES BORDA COTIZACIÓN MOBILIARIO DE OFICINA', 'AUTORIZADO', 'OK', '2020-01-14 09:14:48', 'VILLANUEVA PARIONA, ROLANDO', NULL, 'ACTIVO', '2020-01-14 13:34:01', '2020-01-14 14:14:48'),
(63, 84, 3, '2020-01-14 09:15:00', '2020-01-14 11:00:00', 'REUNIÓN DE COORDINACIÓN EN LA OFICINA DE OPMI - GRA', 'AUTORIZADO', 'OK', '2020-01-14 09:04:12', 'ESPINO MENDEZ, SANTIAGO', NULL, 'ACTIVO', '2020-01-14 13:51:46', '2020-01-14 14:04:12'),
(64, 83, 3, '2020-01-14 09:15:00', '2020-01-14 11:30:00', 'COORDINACIÓN CON LA OPMI DEL GRA.\r\nASUNTO: PROGRAMACIÓN MULTIANUAL DE INVERSIONES 2021-2023', 'AUTORIZADO', 'OK', '2020-01-14 09:04:25', 'ESPINO MENDEZ, SANTIAGO', NULL, 'ACTIVO', '2020-01-14 14:02:01', '2020-01-14 14:04:25'),
(65, 82, 3, '2020-01-14 09:30:00', '2020-01-14 10:00:00', 'SUB GERENCIA DE DESARROLLO INSTITUCIONAL, SOBRE EL ROF', 'AUTORIZADO', 'OK', '2020-01-14 09:27:10', 'ESPINO MENDEZ, SANTIAGO', NULL, 'ACTIVO', '2020-01-14 14:23:19', '2020-01-14 14:27:10'),
(66, 82, 3, '2020-04-09 09:40:00', '2020-04-09 11:00:00', 'ROF, SUB GERENCIA DE DESARROLLO INSTITUCIONAL', 'AUTORIZADO', 'OK', '2020-01-14 10:30:49', 'ESPINO MENDEZ, SANTIAGO', NULL, 'ACTIVO', '2020-01-14 14:41:12', '2020-01-14 15:30:49'),
(67, 29, 3, '2020-01-14 09:50:00', '2020-01-14 01:00:00', 'PRESENTACIÓN DEL PLAN DE EDUCACIÓN AMBIENTAL 2020 DE LA MUNICIPALIDAD PROVINCIAL DE HUAMANGA', 'AUTORIZADO', 'AUTORIZADO', '2020-01-14 09:46:49', 'MENDOZA GUERRERO, MARINA CLEOFÉ', NULL, 'ACTIVO', '2020-01-14 14:45:20', '2020-01-14 14:46:49'),
(68, 30, 2, '2020-01-14 10:10:00', '2020-01-14 11:10:00', 'RECOJO DE ANÁLISIS DE SANGRE Y ATENCIÓN MÉDICA', 'AUTORIZADO', 'OK', '2020-01-14 10:10:21', 'VILLANUEVA PARIONA, ROLANDO', NULL, 'ACTIVO', '2020-01-14 15:08:53', '2020-01-14 15:10:21'),
(69, 75, 2, '2020-01-14 11:00:00', '2020-01-14 12:30:00', 'CITA MEDICA EN ESSALUD', 'AUTORIZADO', 'OK', '2020-01-14 10:31:03', 'ESPINO MENDEZ, SANTIAGO', NULL, 'ACTIVO', '2020-01-14 15:29:20', '2020-01-14 15:31:03'),
(70, 69, 4, '2020-01-14 11:02:00', '2020-01-14 12:30:00', 'POR ACTIVIDADES PERSONALES', 'AUTORIZADO', 'OK', '2020-01-14 10:38:15', 'CASMA PINTO, ROXANA ELIZABETH', NULL, 'ACTIVO', '2020-01-14 15:37:17', '2020-01-14 15:38:15'),
(71, 42, 3, '2020-01-14 11:30:00', '2020-01-14 12:30:00', 'GOBIERNO REGIONAL, SEGUIMIENTO A TRÁMITES EN LA GERENCIA GENERAL,.', 'AUTORIZADO', 'AUTORIZADO', '2020-01-14 11:20:00', 'MENDOZA GUERRERO, MARINA CLEOFÉ', NULL, 'ACTIVO', '2020-01-14 16:19:02', '2020-01-14 16:20:00'),
(72, 88, 6, '2020-01-14 14:45:00', '2020-01-14 16:45:00', 'SOLICITO PERMISO POR ESTUDIOS', 'AUTORIZADO', 'OK', '2020-01-14 13:15:42', 'MARTÍNEZ ROCCA, LUIS ALBERTO', NULL, 'ACTIVO', '2020-01-14 17:56:25', '2020-01-14 18:15:42'),
(73, 75, 2, '2020-01-14 04:30:00', '2020-01-14 06:00:00', 'CITA MEDICA EN ESSALUD', 'AUTORIZADO', 'OK', '2020-01-14 14:59:14', 'ESPINO MENDEZ, SANTIAGO', NULL, 'ACTIVO', '2020-01-14 19:58:42', '2020-01-14 19:59:14'),
(74, 53, 3, '2020-01-15 08:00:00', '2020-01-15 17:30:00', 'A LA OFICINA DE ARCHIVO DE LA SEDE DREA, COPIA DE CPS, PLANILLAS Y TICKETS DE PAGO A AFP INTEGRA DEL 2009 AL 2017', 'AUTORIZADO', 'OK', '2020-01-15 07:54:21', 'NAVARRO PALOMINO, MARIA LOURDES', NULL, 'ACTIVO', '2020-01-15 12:32:39', '2020-01-15 12:54:21'),
(75, 50, 3, '2020-01-15 08:30:00', '2020-01-15 17:00:00', 'ATENCIÓN A REQUERIMIENTO DE LA PROCURADURIA SOBRE REMISIÓN DE PLANILLAS DE PAGO AFP INTEGRA, ADJUNTO MEMO N° 002', 'AUTORIZADO', 'OK', '2020-01-15 07:54:09', 'NAVARRO PALOMINO, MARIA LOURDES', NULL, 'ACTIVO', '2020-01-15 12:47:49', '2020-01-15 12:54:09'),
(76, 82, 3, '2020-01-15 08:30:00', '2020-01-15 10:00:00', 'REFERIDO AL TUPA, EN LA SUB GERENCIA DE DESARROLLO INSTITUCIONAL DEL GOBIERNO REGIONAL DE AYACUCHO', 'AUTORIZADO', 'OK', '2020-01-15 08:17:35', 'ESPINO MENDEZ, SANTIAGO', NULL, 'ACTIVO', '2020-01-15 13:16:38', '2020-01-15 13:17:35'),
(77, 62, 4, '2020-01-15 10:15:00', '2020-01-15 12:15:00', 'CÉDULA ELECTRÓNICA\r\nJR. PROGRESO NO. 291-ANDRES AVELINO CACERES- AYACUCHO', 'AUTORIZADO', 'OK', '2020-01-15 09:12:58', 'CASMA PINTO, ROXANA ELIZABETH', NULL, 'ACTIVO', '2020-01-15 14:08:16', '2020-01-15 14:12:58'),
(78, 14, 3, '2016-01-15 11:00:00', '2016-01-15 13:00:00', 'COORDINAR LA APLICACIÓN DE FORMATO DE LICENCIA ´POR MATERNIDAD POR HABER  UN CAMBIO', 'AUTORIZADO', 'OK', '2020-01-15 10:57:19', 'RAMOS RÍOS, JESÚS MIGUEL', NULL, 'ACTIVO', '2020-01-15 15:56:04', '2020-01-15 15:57:19'),
(79, 4, 1, '2020-01-15 15:10:00', '2020-01-15 16:10:00', 'PERMISO POR ASUNTOS PARTICULARES', 'AUTORIZADO', 'OK', '2020-01-15 15:04:11', 'RAMOS RÍOS, JESÚS MIGUEL', NULL, 'ACTIVO', '2020-01-15 20:00:28', '2020-01-15 20:04:11'),
(80, 28, 3, '2020-01-16 08:00:00', '2020-01-16 17:30:00', 'FORMULACIÓN DE PLANES DE TRABAJO CON INSTITUTOS Y ESCUELAS DE EDUCACIÓN SUPERIOR A EJECUTARSE CON SINEACE', 'AUTORIZADO', 'OK', '2020-01-16 07:54:00', 'RAMOS RÍOS, JESÚS MIGUEL', NULL, 'ACTIVO', '2020-01-16 12:41:52', '2020-01-16 12:54:00'),
(82, 30, 3, '2020-01-16 08:35:00', '2020-01-16 11:00:00', 'REUNIÓN DE COORDINACIÓN CON EL CONSORCIO DE CENTROS EDUCATIVOS CATÓLICOS REGIÓN AYACUCHO', 'AUTORIZADO', 'AUTORIZADO', '2020-01-16 08:35:01', 'MENDOZA GUERRERO, MARINA CLEOFÉ', NULL, 'ACTIVO', '2020-01-16 13:32:35', '2020-01-16 13:35:01'),
(83, 27, 3, '2020-01-16 09:00:00', '2020-01-16 13:00:00', 'MONITOREO Y APOYO DE ADJUDICACION DE CONTRATA DOCENTE 2020', 'AUTORIZADO', 'SE AUTORIZA SU SALIDA', '2020-01-16 08:50:33', 'VILLANUEVA PARIONA, ROLANDO', NULL, 'ACTIVO', '2020-01-16 13:45:51', '2020-01-16 13:50:33'),
(84, 53, 3, '2020-01-16 09:00:00', '2020-01-16 13:00:00', 'A REALIZAR PAGO A TELEFÓNICA Y NOTIFICACIÓN DE CHEQUE', 'AUTORIZADO', 'OK', '2020-01-16 08:59:39', 'NAVARRO PALOMINO, MARIA LOURDES', NULL, 'ACTIVO', '2020-01-16 13:55:49', '2020-01-16 13:59:39'),
(85, 34, 4, '2020-01-16 09:15:00', '2020-01-16 11:01:00', 'VISITA A LA I.E 103 JUAN PABLO II (MATRICULA-2020)', 'AUTORIZADO', 'SE AUTORIZA SU SALIDA', '2020-01-16 09:14:02', 'VILLANUEVA PARIONA, ROLANDO', NULL, 'ACTIVO', '2020-01-16 14:13:27', '2020-01-16 14:14:02'),
(86, 42, 4, '2020-01-16 09:30:00', '2020-01-16 12:30:00', 'PARTICIPACIÓN EN EL TALLER \"PRE TEXTO Y TEATRO FORO.\r\nINVITACIÓN GOBIERNO REGIONAL', 'AUTORIZADO', 'AUTORIZADO', '2020-01-16 09:29:41', 'MENDOZA GUERRERO, MARINA CLEOFÉ', NULL, 'ACTIVO', '2020-01-16 14:23:38', '2020-01-16 14:29:41'),
(87, 7, 3, '2020-01-16 10:00:00', '2020-01-16 12:00:00', 'ONP', 'AUTORIZADO', 'OK', '2020-01-16 10:24:01', 'RAMOS RÍOS, JESÚS MIGUEL', NULL, 'ACTIVO', '2020-01-16 14:27:49', '2020-01-16 15:24:01'),
(88, 80, 3, '2020-01-16 09:40:00', '2020-01-16 17:30:00', 'ADJUDICACIÓN DE PLAZAS DOCENTES POR CONTRATA UGEL HUAMANGA', 'AUTORIZADO', 'OK', '2020-01-16 09:38:29', 'ESPINO MENDEZ, SANTIAGO', NULL, 'ACTIVO', '2020-01-16 14:35:09', '2020-01-16 14:38:29'),
(89, 33, 3, '2020-01-16 10:00:00', '2020-01-16 12:00:00', 'REUNIÓN EN LA MESA DE CONCERTACIÓN - AYACUCHO', 'AUTORIZADO', 'AUTORIZADO', '2020-01-16 10:04:05', 'MENDOZA GUERRERO, MARINA CLEOFÉ', NULL, 'ACTIVO', '2020-01-16 15:02:59', '2020-01-16 15:04:05'),
(91, 6, 4, '2020-01-16 11:55:00', '2020-01-16 13:01:00', 'PERMISO PARTICULAR', 'AUTORIZADO', 'OK', '2020-01-16 11:51:57', 'RAMOS RÍOS, JESÚS MIGUEL', NULL, 'ACTIVO', '2020-01-16 16:48:55', '2020-01-16 16:51:57'),
(92, 93, 2, '2020-01-16 16:30:00', '2020-01-16 18:00:00', 'CITA MEDICA', 'AUTORIZADO', 'OK', '2020-01-16 15:46:07', 'RAMOS RÍOS, JESÚS MIGUEL', NULL, 'ACTIVO', '2020-01-16 20:15:46', '2020-01-16 20:46:07'),
(93, 77, 4, '2020-01-16 15:45:00', '2020-01-16 17:30:00', 'VEEDOR DE LA ADJUDICACIÓN DE CONTRATA DE DOCENTES 2020', 'AUTORIZADO', 'OK', '2020-01-16 16:29:45', 'BENDEZÚ PRADO, SONIA', NULL, 'ACTIVO', '2020-01-16 21:11:25', '2020-01-16 21:29:45'),
(94, 4, 1, '2020-01-17 07:30:00', '2020-01-17 09:00:00', 'POR ASUNTOS PARTICULARES', 'AUTORIZADO', 'OK', '2020-01-16 17:46:10', 'RAMOS RÍOS, JESÚS MIGUEL', NULL, 'ACTIVO', '2020-01-16 22:42:39', '2020-01-16 22:46:10'),
(95, 28, 1, '2020-01-17 08:00:00', '2020-01-17 10:30:00', 'ASISTENCIA A MISA DE HONRAS DE FAMILIAR', 'AUTORIZADO', 'OK', '2020-01-17 07:53:34', 'RAMOS RÍOS, JESÚS MIGUEL', NULL, 'ACTIVO', '2020-01-17 12:42:46', '2020-01-17 12:53:34'),
(96, 82, 4, '2020-01-17 09:00:00', '2020-01-17 17:30:00', 'TEMA: \"GESTIÓN POR PROCESO\", DESARROLLADO POR LA SUB GERENCIA DE DESARROLLO INSTITUCIONAL, EN LA CÁMARA DE COMERCIO', 'AUTORIZADO', 'OK', '2020-01-17 08:15:53', 'ESPINO MENDEZ, SANTIAGO', NULL, 'ACTIVO', '2020-01-17 13:06:24', '2020-01-17 13:15:53'),
(97, 24, 1, '2020-01-17 08:08:00', '2020-01-17 09:30:00', 'GESTIONES PERSONALES', 'AUTORIZADO', 'SE AUTORIZA SU SALIDA', '2020-01-17 08:17:15', 'REYES BENITES, LEONCIO', NULL, 'ACTIVO', '2020-01-17 13:08:24', '2020-01-17 13:17:15'),
(98, 80, 4, '2020-01-17 09:00:00', '2020-01-17 17:30:00', 'CONFERENCIA SOBRE GESTION POR PROCESOS ORGANIZADO POR EL GOBIERNO REGIONAL DE AYACUCHO EN LA CAMARA DE COMERCIO-AYACUCHO', 'AUTORIZADO', 'OK', '2020-01-17 08:16:04', 'ESPINO MENDEZ, SANTIAGO', NULL, 'ACTIVO', '2020-01-17 13:14:44', '2020-01-17 13:16:04'),
(99, 47, 3, '2020-01-17 08:45:00', '2020-01-17 09:50:00', 'COORDINACIÓN PARA LA DOTACIÓN DE TÉCNICO DEPORTIVO EN LAS IE \"MARISCAL CÁCERES\"', 'AUTORIZADO', 'APROBADO', '2020-01-17 08:42:13', 'MENDOZA GUERRERO, MARINA CLEOFÉ', NULL, 'ACTIVO', '2020-01-17 13:20:30', '2020-01-17 13:42:13'),
(100, 52, 7, '2020-01-17 09:00:00', '2020-01-17 13:00:00', 'ASIRTIR AL CURSO DE CAPACITACION CONVOCADO POR CONECTAMEF', 'AUTORIZADO', 'OK', '2020-01-17 08:55:25', 'CASMA PINTO, ROXANA ELIZABETH', NULL, 'ACTIVO', '2020-01-17 13:52:02', '2020-01-17 13:55:25'),
(101, 60, 7, '2020-01-17 09:00:00', '2020-01-17 13:00:00', 'CAPACITACION CONVOCADA POR CONECTAMEF SOBRE PROGRAMACION DE PAGOS Y AUTORIZACION DE ASIGNACION FINANCIERA-APLICACION DE', 'AUTORIZADO', 'OK', '2020-01-17 08:55:00', 'NAVARRO PALOMINO, MARIA LOURDES', NULL, 'ACTIVO', '2020-01-17 13:54:19', '2020-01-17 13:55:00'),
(102, 84, 3, '2020-01-17 10:00:00', '2020-01-17 12:00:00', 'REUNIÓN DE COORDINACIÓN CON LA GERENCIA REGIONAL DE INFRAESTRUCTURA - GRA', 'AUTORIZADO', 'OK', '2020-01-17 09:41:16', 'ESPINO MENDEZ, SANTIAGO', NULL, 'ACTIVO', '2020-01-17 14:39:13', '2020-01-17 14:41:16'),
(103, 83, 3, '2020-01-07 10:00:00', '2020-01-07 12:15:00', 'REUNIÓN DE TRABAJO CON LA GERENCIA DE INFRAESTRUCTURA DEL GRA.', 'AUTORIZADO', 'OK', '2020-01-17 09:41:31', 'ESPINO MENDEZ, SANTIAGO', NULL, 'ACTIVO', '2020-01-17 14:40:12', '2020-01-17 14:41:31'),
(104, 1, 3, '2020-01-17 14:30:00', '2020-01-17 15:30:00', 'PRUEBA', 'AUTORIZADO', 'OK', '2020-01-17 13:53:01', 'HUAMANCUSI CAMPOS, YIMY DAVID', NULL, 'ACTIVO', '2020-01-17 18:52:50', '2020-01-17 18:53:01'),
(105, 75, 2, '2020-01-20 07:00:00', '2020-01-20 08:00:00', 'ANÁLISIS DE SANGRE EN ESSALUD', 'AUTORIZADO', 'OK', '2020-01-20 08:01:42', 'RAMOS RÍOS, JESÚS MIGUEL', NULL, 'ACTIVO', '2020-01-20 12:56:46', '2020-01-20 13:01:42'),
(106, 53, 3, '2020-01-20 09:00:00', '2020-01-20 17:00:00', 'A RECABAR CPS DEL 1994 AL 2001 DE AFP PROFUTURO PARA ATENDER SOLUCION DE LA PROCURADURIA PUBLICA REGIONAL', 'AUTORIZADO', 'OK', '2020-01-20 08:01:51', 'NAVARRO PALOMINO, MARIA LOURDES', NULL, 'ACTIVO', '2020-01-20 12:56:50', '2020-01-20 13:01:51'),
(107, 68, 2, '2020-01-20 08:00:00', '2020-01-20 11:00:00', 'ASISTENCIA  A ESSALUD  CITA MEDICA', 'AUTORIZADO', 'OK', '2020-01-20 08:16:34', 'BARRON MUNAILLA, MAURA', NULL, 'ACTIVO', '2020-01-20 13:03:25', '2020-01-20 13:16:34'),
(108, 81, 1, '2020-01-20 09:00:00', '2020-01-20 11:00:00', 'PARTICULAR', 'AUTORIZADO', 'OK', '2020-01-20 09:04:02', 'ESPINO MENDEZ, SANTIAGO', NULL, 'ACTIVO', '2020-01-20 13:52:04', '2020-01-20 14:04:02'),
(109, 20, 1, '2019-01-20 09:10:00', '2019-01-20 10:10:00', 'TRÁMITES PERSONALES', 'AUTORIZADO', 'AUTORIZADO', '2020-01-20 08:58:58', 'MENDOZA GUERRERO, MARINA CLEOFÉ', NULL, 'ACTIVO', '2020-01-20 13:52:12', '2020-01-20 13:58:58'),
(110, 11, 3, '2020-01-20 09:00:00', '2020-01-20 10:00:00', 'REQUERIMIENTO DE DOCUMENTOS EN LA UGEL HUAMANGA', 'AUTORIZADO', 'OK', '2020-01-20 08:54:46', 'RAMOS RÍOS, JESÚS MIGUEL', NULL, 'ACTIVO', '2020-01-20 13:53:30', '2020-01-20 13:54:46'),
(111, 3, 1, '2020-01-20 09:20:00', '2020-01-20 11:00:00', 'ASUNTOS PARTICULARES', 'AUTORIZADO', 'AUTORIZADO', '2020-01-20 09:18:20', 'RAMOS RÍOS, JESÚS MIGUEL', NULL, 'ACTIVO', '2020-01-20 14:02:23', '2020-01-20 14:18:20'),
(112, 27, 4, '2020-01-20 09:45:00', '2020-01-20 15:00:00', 'PONENCIA SOBRE MODELO DE SERVICIO EDUCATIVO EIB  EN  CASA DEL MAESTRO', 'AUTORIZADO', 'PARA JUSTIFICAR ADJUNTAR FOTOGRAFIAS', '2020-01-20 09:34:48', 'VILLANUEVA PARIONA, ROLANDO', NULL, 'ACTIVO', '2020-01-20 14:30:47', '2020-01-20 14:34:48'),
(113, 83, 4, '2020-01-20 10:00:00', '2020-01-20 11:30:00', 'REUNIÓN DE COORDINACIÓN CON LA GERENCIA SOCIAL DEL GRA\r\nASUNTO: IDEA DE PROYECTO', 'AUTORIZADO', 'OK', '2020-01-20 09:55:36', 'ESPINO MENDEZ, SANTIAGO', NULL, 'ACTIVO', '2020-01-20 14:52:49', '2020-01-20 14:55:36'),
(114, 84, 3, '2020-01-20 10:00:00', '2020-01-20 12:00:00', 'COORDINACIÓN EN LA GERENCIA DE DESARROLLO SOCIAL, INCORPORAR PROYECTOS', 'AUTORIZADO', 'OK', '2020-01-20 09:55:22', 'ESPINO MENDEZ, SANTIAGO', NULL, 'ACTIVO', '2020-01-20 14:53:19', '2020-01-20 14:55:22'),
(115, 34, 4, '2020-01-20 10:30:00', '2020-01-20 11:28:00', 'VERIFICACIÓN DEL LOCAL DE I.E. PARTICULAR \"PRIMERAS TRAVESURAS\" POR CREACIÓN', 'AUTORIZADO', 'OK', '2020-01-20 10:27:57', 'VILLANUEVA PARIONA, ROLANDO', NULL, 'ACTIVO', '2020-01-20 15:26:44', '2020-01-20 15:27:57'),
(116, 64, 3, '2020-01-20 10:45:00', '2020-01-20 11:45:00', 'A ONP AYACUCHO A HACER TRÁMITE DOCUMENTARIO DE SEGURO.', 'AUTORIZADO', 'OK', '2020-01-20 11:16:21', 'CASMA PINTO, ROXANA ELIZABETH', NULL, 'ACTIVO', '2020-01-20 15:41:13', '2020-01-20 16:16:21'),
(117, 50, 3, '2020-01-20 11:00:00', '2020-01-20 15:00:00', 'SACAR COPIAS DE COMPROBANTES DE PAGO QUE REQUIERE LA PROCURADURIA EN LA OFICINA DE CONSTANCIAS DE PAGO', 'AUTORIZADO', 'OK', '2020-01-20 10:48:36', 'NAVARRO PALOMINO, MARIA LOURDES', NULL, 'ACTIVO', '2020-01-20 15:45:27', '2020-01-20 15:48:36'),
(118, 64, 3, '2020-01-20 11:25:00', '2020-01-20 12:25:00', 'A ONP A TRAMITAR DOCUMENTO DE SEGURO.', 'AUTORIZADO', 'OK', '2020-01-20 11:24:18', 'CASMA PINTO, ROXANA ELIZABETH', NULL, 'ACTIVO', '2020-01-20 16:22:44', '2020-01-20 16:24:18'),
(119, 13, 1, '2020-01-20 04:27:00', '2020-01-20 05:27:00', 'REUNION PARTICULAR', 'AUTORIZADO', 'OK', '2020-01-20 15:28:11', 'RAMOS RÍOS, JESÚS MIGUEL', NULL, 'ACTIVO', '2020-01-20 20:27:27', '2020-01-20 20:28:11'),
(120, 43, 3, '2020-01-21 07:40:00', '2020-01-21 15:30:00', 'DESARROLLO DEL TALLER DE ACTUALIZACIÓN DOCENTE', 'AUTORIZADO', 'OK', '2020-01-21 07:37:50', 'VILLANUEVA PARIONA, ROLANDO', NULL, 'ACTIVO', '2020-01-21 12:29:03', '2020-01-21 12:37:50'),
(121, 36, 3, '2020-01-21 09:14:00', '2020-01-21 13:15:00', 'REUNION DEL COMITE MULTISECTORIAL DE PREVENCIÓN DE EMBARAZO ADOLESCENTE', 'AUTORIZADO', 'AUTORIZADO', '2020-01-21 09:16:41', 'MENDOZA GUERRERO, MARINA CLEOFÉ', NULL, 'ACTIVO', '2020-01-21 14:15:59', '2020-01-21 14:16:41'),
(123, 42, 3, '2020-01-21 10:40:00', '2020-01-21 12:00:00', 'MUNICIPALIDAD PROVINCIAL DE HUAMANGA, COORDINACIÓN PARA LA CERTIFICACIÓN DEL TALLER DE DANZAS.', 'AUTORIZADO', 'AUTORIZADO', '2020-01-21 10:27:55', 'MENDOZA GUERRERO, MARINA CLEOFÉ', NULL, 'ACTIVO', '2020-01-21 15:12:33', '2020-01-21 15:27:55'),
(124, 29, 1, '2020-01-21 11:55:00', '2020-01-21 13:20:00', 'ASUNTOS  PARTICULARES', 'AUTORIZADO', 'AUTORIZADO', '2020-01-21 11:57:35', 'MENDOZA GUERRERO, MARINA CLEOFÉ', NULL, 'ACTIVO', '2020-01-21 16:54:19', '2020-01-21 16:57:35'),
(125, 37, 3, '2020-01-21 03:30:00', '2020-01-21 05:00:00', 'OREI REFERENTE  EXPEDIENTE DEL  PERFIL INSTITUTO DE EDUCACIÓN SUPERIOR PEDAGÓGICO FELIBERTO GARCIA CUELLAR DE CORA CORA', 'AUTORIZADO', 'OK', '2020-01-21 15:34:22', 'VILLANUEVA PARIONA, ROLANDO', NULL, 'ACTIVO', '2020-01-21 20:14:25', '2020-01-21 20:34:22'),
(126, 84, 4, '2020-01-21 15:30:00', '2020-01-21 17:00:00', 'REUNIÓN EN LA OFICINA DE OREI-GRA, PROYECTO INSTITUTOS', 'AUTORIZADO', 'OK', '2020-01-21 15:23:38', 'ESPINO MENDEZ, SANTIAGO', NULL, 'ACTIVO', '2020-01-21 20:22:17', '2020-01-21 20:23:38'),
(127, 83, 3, '2020-02-21 15:30:00', '2020-02-21 16:30:00', 'COORDINACIÓN CON LA OFICINA DE ESTUDIOS DEL GRA', 'AUTORIZADO', 'OK', '2020-01-21 15:23:51', 'ESPINO MENDEZ, SANTIAGO', NULL, 'ACTIVO', '2020-01-21 20:23:26', '2020-01-21 20:23:51'),
(128, 53, 3, '2010-01-21 15:30:00', '2010-01-21 17:00:00', 'PARA RECABAR CPS , PLANILLAS Y TICKETS DE PAGO DE AFP, SEGUN EXP 2048115', 'AUTORIZADO', 'OK', '2020-01-21 15:28:12', 'NAVARRO PALOMINO, MARIA LOURDES', NULL, 'ACTIVO', '2020-01-21 20:27:31', '2020-01-21 20:28:12'),
(129, 35, 3, '2020-01-21 16:30:00', '2020-01-21 17:30:00', 'VERIFICACION DEL LOCAL DE LA IE PRIVADA LICEO SCHOOL PARA AUTORIZACION DE FUNCIONAMIENTO.', 'AUTORIZADO', 'OK', '2020-01-21 16:24:19', 'VILLANUEVA PARIONA, ROLANDO', NULL, 'ACTIVO', '2020-01-21 21:22:45', '2020-01-21 21:24:19'),
(130, 52, 2, '2020-01-22 07:30:00', '2020-01-22 11:00:00', 'CITA MEDICO ES SALUD - REUMATOLOGIA  POR ESTAR DELICADA DE SALUD CON LA RODILLA', 'AUTORIZADO', 'OK', '2020-01-21 16:37:05', 'CASMA PINTO, ROXANA ELIZABETH', NULL, 'ACTIVO', '2020-01-21 21:30:16', '2020-01-21 21:37:05'),
(131, 43, 3, '2020-01-22 07:45:00', '2020-01-22 11:30:00', 'DESARROLLO DEL TALLER DE ACTUALIZACIÓN DOCENTE', 'AUTORIZADO', 'OK', '2020-01-22 07:46:17', 'VILLANUEVA PARIONA, ROLANDO', NULL, 'ACTIVO', '2020-01-22 12:45:37', '2020-01-22 12:46:17'),
(132, 42, 2, '2020-01-22 08:30:00', '2020-01-22 10:40:00', 'CITA EN EL HOSPITAL DE ESSALUD', 'AUTORIZADO', 'AUTORIZADO', '2020-01-22 08:25:00', 'MENDOZA GUERRERO, MARINA CLEOFÉ', NULL, 'ACTIVO', '2020-01-22 13:17:33', '2020-01-22 13:25:00'),
(133, 89, 4, '2020-01-22 09:40:00', '2020-01-22 10:30:00', 'VISITA Y VERIFICACIÓN EN LA ORGANIZACIÓN EN EL ARCHIVO CENTRAL', 'AUTORIZADO', 'OK', '2020-01-22 09:40:18', 'MARTÍNEZ ROCCA, LUIS ALBERTO', NULL, 'ACTIVO', '2020-01-22 14:34:50', '2020-01-22 14:40:18'),
(134, 27, 3, '2020-01-22 11:00:00', '2020-01-22 15:00:00', 'TALLER DE ACTUALIZACIÓN DOCENTE', 'AUTORIZADO', 'OK', '2020-01-22 10:41:56', 'VILLANUEVA PARIONA, ROLANDO', NULL, 'ACTIVO', '2020-01-22 15:29:45', '2020-01-22 15:41:56'),
(135, 34, 4, '2020-01-22 10:35:00', '2020-01-22 12:00:00', 'VERIFICACIÓN DE LOCAL PARA AUTORIZACIÓN DE FUNCIONAMIENTO \"PRIMERAS TRAVESURAS\"', 'AUTORIZADO', 'OK', '2020-01-22 10:42:10', 'VILLANUEVA PARIONA, ROLANDO', NULL, 'ACTIVO', '2020-01-22 15:30:51', '2020-01-22 15:42:10'),
(136, 35, 4, '2020-01-22 10:50:00', '2020-01-22 12:00:00', 'VERIFICACION DEL LOCAL DE IE PRIVADA PARA AUTORIZACION DE CAMBIO DE LOCAL', 'AUTORIZADO', 'OK', '2020-01-22 10:43:32', 'VILLANUEVA PARIONA, ROLANDO', NULL, 'ACTIVO', '2020-01-22 15:41:34', '2020-01-22 15:43:32'),
(137, 31, 3, '2020-01-22 03:15:00', '2020-01-22 04:30:00', 'ASISTENCIA TÉCNICA SOBRE REPORTE DE EFICIENCIA EDUCATIVA Y HORAS EFECTIVAS CON LOS ESPECIALISTAS EN EDUCACIÓN SECUNDARIA', 'AUTORIZADO', 'AUTORIZADO', '2020-01-22 15:14:44', 'MENDOZA GUERRERO, MARINA CLEOFÉ', NULL, 'ACTIVO', '2020-01-22 20:09:52', '2020-01-22 20:14:44'),
(138, 102, 2, '2020-01-22 15:35:00', '2020-01-22 17:00:00', 'CITA MEDICA EN ESSALUD. AV. VENEZUELA', 'AUTORIZADO', 'OK', '2020-01-22 15:44:26', 'BONIFACIO ROJAS, CÉSAR SALOMÓN', NULL, 'ACTIVO', '2020-01-22 20:31:48', '2020-01-22 20:44:26'),
(139, 84, 3, '2020-01-22 16:01:00', '2020-01-22 17:30:00', 'RENUION DE COORDINACIÓN EN EL OREI-GRA', 'AUTORIZADO', 'OK', '2020-01-22 16:06:52', 'ESPINO MENDEZ, SANTIAGO', NULL, 'ACTIVO', '2020-01-22 21:04:07', '2020-01-22 21:06:52'),
(140, 83, 3, '2020-01-22 16:15:00', '2020-01-22 17:30:00', 'REUNIÓN EN EL OREI DEL GRA', 'AUTORIZADO', 'OK', '2020-01-22 16:06:33', 'ESPINO MENDEZ, SANTIAGO', NULL, 'ACTIVO', '2020-01-22 21:04:47', '2020-01-22 21:06:33'),
(141, 4, 1, '2020-01-23 08:30:00', '2020-01-23 09:30:00', 'POR ASUNTOS PARTICULARES', 'AUTORIZADO', 'OK', '2020-01-23 08:58:29', 'RAMOS RÍOS, JESÚS MIGUEL', NULL, 'ACTIVO', '2020-01-23 13:10:28', '2020-01-23 13:58:29'),
(142, 29, 3, '2020-01-23 08:21:00', '2020-01-23 10:00:00', 'REVISIÓN DE PLAN DE CONTINGENCIA PREVAED', 'AUTORIZADO', 'SE AUTORIZA SU SALIDA', '2020-01-23 08:22:15', 'VILLANUEVA PARIONA, ROLANDO', NULL, 'ACTIVO', '2020-01-23 13:21:48', '2020-01-23 13:22:15'),
(143, 3, 1, '2020-01-23 09:10:00', '2020-01-23 11:00:00', 'ASUNTOS PARTICULARES', 'AUTORIZADO', 'OK', '2020-01-23 08:58:19', 'RAMOS RÍOS, JESÚS MIGUEL', NULL, 'ACTIVO', '2020-01-23 13:54:40', '2020-01-23 13:58:19'),
(144, 51, 3, '2020-01-23 10:00:00', '2020-01-23 11:00:00', 'TERMINAL RECOJO DE DOCUMENTOS C/P', 'AUTORIZADO', 'BIEN', '2020-01-23 09:57:26', 'RAMOS CAMPOS, FRANCISCO', NULL, 'ACTIVO', '2020-01-23 14:54:23', '2020-01-23 14:57:26'),
(145, 27, 1, '2020-01-23 10:00:00', '2020-01-23 11:30:00', 'GESTION EN ASUNTOS PARTICULARES', 'AUTORIZADO', 'AUTORIZADO', '2020-01-23 10:05:47', 'MENDOZA GUERRERO, MARINA CLEOFÉ', NULL, 'ACTIVO', '2020-01-23 15:04:23', '2020-01-23 15:05:47'),
(146, 31, 1, '2020-01-23 11:00:00', '2020-01-23 12:00:00', 'ASUNTOS PARTICULARES', 'AUTORIZADO', 'AUTORIZADO', '2020-01-23 10:48:57', 'MENDOZA GUERRERO, MARINA CLEOFÉ', NULL, 'ACTIVO', '2020-01-23 15:43:17', '2020-01-23 15:48:57'),
(147, 25, 1, '2020-01-23 11:30:00', '2020-01-23 12:00:00', 'REALIZAR TRAMITES PARTICULARES', 'AUTORIZADO', 'AUTORIZADO', '2020-01-23 11:07:16', 'MENDOZA GUERRERO, MARINA CLEOFÉ', NULL, 'ACTIVO', '2020-01-23 16:06:27', '2020-01-23 16:07:16'),
(148, 20, 1, '2020-01-23 15:40:00', '2020-01-23 16:30:00', 'TRÁMITES PARTICULARES', 'AUTORIZADO', 'AUTORIZADO', '2020-01-23 15:39:44', 'MENDOZA GUERRERO, MARINA CLEOFÉ', NULL, 'ACTIVO', '2020-01-23 20:37:31', '2020-01-23 20:39:44'),
(149, 30, 3, '2020-01-23 16:00:00', '2020-01-23 18:00:00', 'REUNIÓN DE COORDINACIÓN EN LA UGEL HUAMANGA OFICIO N°357-2020-DREA-UGEL-HGA/D-AGI-ESIEP', 'AUTORIZADO', 'AUTORIZADO', '2020-01-23 15:51:45', 'MENDOZA GUERRERO, MARINA CLEOFÉ', NULL, 'ACTIVO', '2020-01-23 20:51:21', '2020-01-23 20:51:45'),
(150, 64, 3, '2020-01-24 07:45:00', '2020-01-24 08:30:00', 'A PRONIED AYACUCHO A COORDINAR TRABAJOS DE MANTENIMIENTO.', 'AUTORIZADO', 'OK', '2020-01-24 07:51:30', 'CASMA PINTO, ROXANA ELIZABETH', NULL, 'ACTIVO', '2020-01-24 12:39:37', '2020-01-24 12:51:30'),
(151, 90, 2, '2020-01-24 08:20:00', '2020-01-24 10:00:00', 'ATENCIÓN MÉDICA DE MI SEÑORA ESPOSA', 'AUTORIZADO', 'OK', '2020-01-24 08:12:07', 'BENDEZU TOMASEVICH, JOSE LUIS', NULL, 'ACTIVO', '2020-01-24 12:46:20', '2020-01-24 13:12:07'),
(152, 88, 1, '2020-01-24 08:25:00', '2020-01-24 10:00:00', 'PEDIR DUPLICADO DE MULTIRED EN EL BANCO DE LA NACIÓN', 'AUTORIZADO', 'OK', '2020-01-24 07:58:24', 'MARTÍNEZ ROCCA, LUIS ALBERTO', NULL, 'ACTIVO', '2020-01-24 12:54:38', '2020-01-24 12:58:24'),
(153, 101, 2, '2020-01-24 08:20:00', '2020-01-24 10:20:00', 'PERMISO POR CITA MÉDICA', 'AUTORIZADO', 'SE AUTORIZA SU SALIDA, POR CITA MEDICA', '2020-01-24 08:14:21', 'VARGAS FLORES, WILDER', NULL, 'ACTIVO', '2020-01-24 13:05:16', '2020-01-24 13:14:21'),
(154, 47, 4, '2020-01-24 09:45:00', '2020-01-24 10:45:00', 'FIRMA DE RESOLUCIÓN DE SANCIÓN ADMINISTRATIVA DE LOS JDEN 2019 EN EL GOBIERNO REGIONAL', 'AUTORIZADO', 'AUTORIZADO', '2020-01-24 09:41:27', 'MENDOZA GUERRERO, MARINA CLEOFÉ', NULL, 'ACTIVO', '2020-01-24 14:40:36', '2020-01-24 14:41:27'),
(155, 81, 3, '2020-01-24 11:30:00', '2020-01-24 12:00:00', 'ENTREGA DE OFICIOS A LOS INSTITUTOS PRIVADOS', 'AUTORIZADO', 'OK', '2020-01-24 11:28:44', 'ESPINO MENDEZ, SANTIAGO', NULL, 'ACTIVO', '2020-01-24 16:27:18', '2020-01-24 16:28:44'),
(156, 9, 1, '2020-01-24 01:00:00', '2020-01-24 03:00:00', 'ASUNTO PARTICULAR', 'AUTORIZADO', 'OK', '2020-01-24 12:13:25', 'BENDEZU TOMASEVICH, JOSE LUIS', NULL, 'ACTIVO', '2020-01-24 17:10:55', '2020-01-24 17:13:25'),
(157, 29, 4, '2020-01-21 16:10:00', '2020-01-21 18:00:00', 'SOCIALIZACION DE FUNCIONES DEL CORCYTER', 'AUTORIZADO', 'OK.', '2020-01-24 16:10:24', 'VILLANUEVA PARIONA, ROLANDO', NULL, 'ACTIVO', '2020-01-24 21:09:27', '2020-01-24 21:10:24'),
(158, 29, 3, '2020-01-24 16:30:00', '2020-01-24 18:00:00', 'PARTICIPACIÓN EN LA SOCIALIZACION DE FUNCIONES DE CONCEJO REGIONAL DE CIENCIA Y TECNOLOGÍA', 'AUTORIZADO', 'OK', '2020-01-24 16:19:17', 'VILLANUEVA PARIONA, ROLANDO', NULL, 'ACTIVO', '2020-01-24 21:18:57', '2020-01-24 21:19:17'),
(159, 68, 4, '2020-01-27 09:30:00', '2020-01-27 11:30:00', 'ASISTENCIA A ESSALUD  CITA MEDICA', 'EN ESPERA', NULL, NULL, NULL, NULL, 'SUSPENDIDO', '2020-01-27 12:47:55', '2020-01-27 12:49:22'),
(160, 68, 2, '2020-01-27 09:30:00', '2020-01-27 11:30:00', 'ASISTENCIA A ESSALUD  CITA MEDICA', 'AUTORIZADO', 'PARA SU AUTORIZACION', '2020-01-27 07:58:54', 'CASMA PINTO, ROXANA ELIZABETH', NULL, 'ACTIVO', '2020-01-27 12:48:41', '2020-01-27 12:58:54'),
(161, 37, 4, '2020-01-27 09:00:00', '2020-01-27 11:00:00', 'RECOPILACIÓN DE INFORMACIÓN PARA  PROYECTO DE  EQUIPAMIENTO  IOAR DEL INST. EDUC. SUP. PEDAG. HUAPAYA', 'AUTORIZADO', 'OK', '2020-01-27 08:34:47', 'VILLANUEVA PARIONA, ROLANDO', NULL, 'ACTIVO', '2020-01-27 13:28:08', '2020-01-27 13:34:47'),
(162, 61, 3, '2020-01-27 09:00:00', '2020-01-27 10:00:00', 'SUBSANAR OBSERVACIONES EN LA MPH SOBRE TRAMITE DE AUTORIZACIÓN DE INSTALACIÓN DE LOGO INSTITUCIONAL', 'AUTORIZADO', 'SE AUTORIZA SU SALIDA PARA EL CUMPLIMIENTO DE SUS FUNCIONES', '2020-01-27 09:02:32', 'VARGAS FLORES, WILDER', NULL, 'ACTIVO', '2020-01-27 13:54:50', '2020-01-27 14:02:32'),
(163, 84, 3, '2020-01-27 09:00:00', '2020-01-27 12:00:00', 'TRABAJO DE CAMPO EN EL IST HUAPAYA', 'AUTORIZADO', 'OK', '2020-01-27 09:01:18', 'ESPINO MENDEZ, SANTIAGO', NULL, 'ACTIVO', '2020-01-27 13:59:45', '2020-01-27 14:01:18'),
(164, 24, 4, '2020-01-27 09:30:00', '2020-01-27 10:30:00', 'COORDINACIÓN EN GRA PARA ELABORACIÓN BANNER, PARA LANZAMIENTO DEL BUEN INICIO DEL AÑO ESCOLAR', 'AUTORIZADO', 'OK', '2020-01-27 10:07:13', 'BENDEZU TOMASEVICH, JOSE LUIS', NULL, 'ACTIVO', '2020-01-27 14:25:56', '2020-01-27 15:07:13'),
(165, 59, 4, '2020-01-27 12:00:00', '2020-01-27 13:00:00', 'ASUNTOS PARTICULARES', 'EN ESPERA', NULL, NULL, NULL, NULL, 'SUSPENDIDO', '2020-01-27 15:48:04', '2020-01-27 16:27:03'),
(166, 14, 2, '2020-01-27 07:30:00', '2020-01-27 07:46:00', 'OMISIÓN DE ENTRADA POR SALUD, MAREOS INESTABILIDAD CORPORAL POR SECUELAS DE NEUROPATIA DIABETES', 'AUTORIZADO', 'COORDINÓ TELEFÓNICAMENTE CON MI PERSONA', '2020-01-28 09:22:40', 'RAMOS RÍOS, JESÚS MIGUEL', NULL, 'ACTIVO', '2020-01-27 17:48:30', '2020-01-28 14:22:40'),
(167, 89, 1, '2020-01-28 08:15:00', '2020-01-28 09:00:00', 'AVERIGUAR CURSO VACACIONAL DE MI MENOR HIJA', 'EN ESPERA', NULL, NULL, NULL, NULL, 'SUSPENDIDO', '2020-01-28 13:04:41', '2020-01-28 13:06:21'),
(168, 37, 3, '2020-01-28 10:00:00', '2020-01-28 11:30:00', 'EVALUACIÓN ACADEMIA ALBA PERU', 'AUTORIZADO', 'OK', '2020-01-28 09:24:43', 'RAMOS RÍOS, JESÚS MIGUEL', NULL, 'ACTIVO', '2020-01-28 14:22:17', '2020-01-28 14:24:43'),
(169, 60, 3, '2020-01-28 10:00:00', '2020-01-28 12:00:00', 'COORDINACIÓN SOBRE CONCILIACIÓN DE CUENTAS Y BANCARIA MES DICIEMBRE Y CIERRE DEL EJERCICIO 2019.', 'AUTORIZADO', 'OK', '2020-01-28 09:48:29', 'NAVARRO PALOMINO, MARIA LOURDES', NULL, 'ACTIVO', '2020-01-28 14:47:17', '2020-01-28 14:48:29'),
(170, 64, 3, '2020-01-28 10:30:00', '2020-01-28 11:50:00', 'AL INSTITUTO TECNOLÓGICO HIERRO POZO', 'AUTORIZADO', 'PARA SU SALIDA', '2020-01-28 10:28:38', 'CASMA PINTO, ROXANA ELIZABETH', NULL, 'ACTIVO', '2020-01-28 15:23:21', '2020-01-28 15:28:38'),
(171, 25, 1, '2020-01-28 11:30:00', '2020-01-28 13:00:00', 'TRASLADO A MI MENOR HIJA A LA CLÍNICA POR ENCONTRARSE CON UNA FUERTE FIEBRE', 'AUTORIZADO', 'AUTORIZADO', '2020-01-28 10:33:30', 'MENDOZA GUERRERO, MARINA CLEOFÉ', NULL, 'ACTIVO', '2020-01-28 15:32:42', '2020-01-28 15:33:30'),
(172, 27, 3, '2020-01-28 11:20:00', '2020-01-28 12:00:00', 'COORDINACIÓN SOBRE LA REUNIÓN TÉCNICA EN LIMA , SOBRE ACOMPAÑAMIENTO PEDAGOGICO EIB , IMPLEMENTACION DEL MSEIB', 'AUTORIZADO', 'AUTORIZADO', '2020-01-28 11:11:43', 'MENDOZA GUERRERO, MARINA CLEOFÉ', NULL, 'ACTIVO', '2020-01-28 16:07:25', '2020-01-28 16:11:43'),
(173, 70, 3, '2020-01-28 11:20:00', '2020-01-28 12:30:00', 'COORDINACION EN LA SUB GERENCIA DE FINANZAS', 'AUTORIZADO', 'OK', '2020-01-28 11:24:04', 'ESPINO MENDEZ, SANTIAGO', NULL, 'ACTIVO', '2020-01-28 16:22:13', '2020-01-28 16:24:04'),
(174, 36, 3, '2020-01-28 13:50:00', '2020-01-28 14:50:00', 'REUNION DE COORDINACIÓN', 'AUTORIZADO', 'AUTORIZADO', '2020-01-28 12:52:11', 'MENDOZA GUERRERO, MARINA CLEOFÉ', NULL, 'ACTIVO', '2020-01-28 17:51:33', '2020-01-28 17:52:11'),
(175, 16, 4, '2020-01-28 04:30:00', '2020-01-28 06:00:00', 'GOBIERNO REGIONAL AYACUCHO', 'AUTORIZADO', 'OK', '2020-01-28 16:10:08', 'RAMOS RÍOS, JESÚS MIGUEL', NULL, 'ACTIVO', '2020-01-28 21:06:51', '2020-01-28 21:10:08'),
(176, 17, 4, '2020-01-28 16:30:00', '2020-01-28 17:30:00', 'COMISIÓN DE SERVICIO (BALDEAR AUDITORIO)', 'AUTORIZADO', 'OK', '2020-01-28 16:09:55', 'RAMOS RÍOS, JESÚS MIGUEL', NULL, 'ACTIVO', '2020-01-28 21:08:42', '2020-01-28 21:09:55'),
(177, 93, 2, '2020-01-29 07:30:00', '2020-01-29 08:30:00', 'CITA MÉDICA (REHABILITACIÓN)', 'AUTORIZADO', 'OK', '2020-01-28 16:26:53', 'RAMOS RÍOS, JESÚS MIGUEL', NULL, 'ACTIVO', '2020-01-28 21:22:41', '2020-01-28 21:26:53'),
(178, 7, 4, '2020-01-28 16:30:00', '2020-01-28 17:30:00', 'GRA', 'AUTORIZADO', 'OK', '2020-01-28 16:55:01', 'RAMOS RÍOS, JESÚS MIGUEL', NULL, 'ACTIVO', '2020-01-28 21:36:04', '2020-01-28 21:55:01'),
(179, 64, 3, '2020-01-28 04:45:00', '2020-01-28 05:30:00', 'A LA MUNICIPALIDAD PROVINCIA DE HUAMANGA A RECOGER DOCUMENTO DE EVALUACIÓN DEL LOCAL DE LOURDES', 'AUTORIZADO', 'AUTORIZADO PARA SU SALIDA', '2020-01-28 16:46:36', 'CASMA PINTO, ROXANA ELIZABETH', NULL, 'ACTIVO', '2020-01-28 21:40:25', '2020-01-28 21:46:36'),
(180, 88, 3, '2020-01-28 05:00:00', '2020-01-28 07:00:00', 'GRA', 'AUTORIZADO', 'OK', '2020-01-28 17:03:41', 'MARTÍNEZ ROCCA, LUIS ALBERTO', NULL, 'ACTIVO', '2020-01-28 22:00:19', '2020-01-28 22:03:41'),
(181, 42, 2, '2020-01-29 07:00:00', '2020-01-29 10:30:00', 'EXAMEN DE LABORATORIO Y CITA MÉDICA (ECOGRAFÍA Y  NUTRICIÓN)', 'AUTORIZADO', 'AUTORIZADO', '2020-01-28 18:09:33', 'MENDOZA GUERRERO, MARINA CLEOFÉ', NULL, 'ACTIVO', '2020-01-28 22:43:06', '2020-01-28 23:09:33'),
(182, 68, 9, '2020-01-29 08:45:00', '2020-01-29 10:30:00', 'CITACIÓN JUDICIAL SEGUN EXPEDIENTE 01468-2018-0501-JR-PE-07', 'AUTORIZADO', 'OK', '2020-01-29 07:53:57', 'BARRON MUNAILLA, MAURA', NULL, 'ACTIVO', '2020-01-29 12:50:54', '2020-01-29 12:53:57'),
(183, 4, 4, '2020-01-29 08:30:00', '2020-01-29 10:30:00', 'PODER JUDICIAL DE AYACUCHO', 'AUTORIZADO', 'OK', '2020-01-29 08:23:16', 'RAMOS RÍOS, JESÚS MIGUEL', NULL, 'ACTIVO', '2020-01-29 13:22:13', '2020-01-29 13:23:16'),
(184, 37, 3, '2020-01-29 09:00:00', '2020-01-29 11:00:00', 'SUBGERENCIA DE ESTUDIOS DEL GOBIERNO REGIONAL DE AYACUCHO, CASO FILIBERTO GARCIA CUELLAR DE CORA CORA', 'AUTORIZADO', 'SE AUTORIZA SU SALIDA', '2020-01-29 08:31:30', 'VILLANUEVA PARIONA, ROLANDO', NULL, 'ACTIVO', '2020-01-29 13:28:48', '2020-01-29 13:31:30'),
(185, 95, 3, '2020-01-29 09:10:00', '2020-01-29 13:00:00', 'TRABAJO DE CAMPO PARA SERVICIO DE CONTROL ESPECIFICO', 'AUTORIZADO', 'OK', '2020-01-29 09:11:10', 'BONIFACIO ROJAS, CÉSAR SALOMÓN', NULL, 'ACTIVO', '2020-01-29 14:04:32', '2020-01-29 14:11:10'),
(186, 64, 3, '2020-01-29 11:45:00', '2020-01-29 12:30:00', 'A LA UGEL  HUAMANGA A COORDINAR TRABAJOS DE MANTENIMIENTO.', 'AUTORIZADO', 'PARA SU SALIDA', '2020-01-29 11:43:11', 'CASMA PINTO, ROXANA ELIZABETH', NULL, 'ACTIVO', '2020-01-29 16:38:33', '2020-01-29 16:43:11'),
(187, 30, 2, '2020-01-30 07:35:00', '2020-01-30 09:00:00', 'ENTREGA Y ANÁLISIS DE MUESTRA (SALIVA Y/O SANGRE)', 'AUTORIZADO', 'OK', '2020-01-30 07:32:48', 'RAMOS RÍOS, JESÚS MIGUEL', NULL, 'ACTIVO', '2020-01-30 12:31:14', '2020-01-30 12:32:48'),
(188, 68, 3, '2020-01-30 08:30:00', '2020-01-30 10:00:00', 'OFICINA DE CONTROL PATRIMONIAL DEL GOBIERNO REGIONAL  TEMAS CONCERNIENTES A LA CONCILIACIÓN  PATRIMONIO CONTABLE -2019', 'AUTORIZADO', 'OK', '2020-01-30 08:02:47', 'BARRON MUNAILLA, MAURA', NULL, 'ACTIVO', '2020-01-30 12:59:14', '2020-01-30 13:02:47'),
(189, 32, 4, '2020-01-30 09:00:00', '2020-01-30 12:00:00', 'TRABAJO EN EL CREBE PARA SELECCIÓN DE MATERIAL DIDÁCTICO PARA SU ADQUISICIÓN POR EL GOBIERNO REGIONAL PARA LOS SERVICIOS', 'AUTORIZADO', 'SE AUTORIZA SU SALIDA', '2020-01-30 08:47:35', 'VILLANUEVA PARIONA, ROLANDO', NULL, 'ACTIVO', '2020-01-30 13:45:26', '2020-01-30 13:47:35'),
(190, 31, 9, '2020-01-30 08:50:00', '2020-01-30 09:30:00', 'TRÁMITE DE ASUNTOS PARTICULARES.', 'AUTORIZADO', 'SUSPENCION JUSTIFICADA', '2020-01-30 08:49:19', 'MENDOZA GUERRERO, MARINA CLEOFÉ', NULL, 'SUSPENDIDO', '2020-01-30 13:45:45', '2020-01-30 13:49:19'),
(191, 31, 1, '2020-01-30 09:00:00', '2020-01-30 10:00:00', 'TRÁMITE POR MOTIVOS PARTICULARES', 'AUTORIZADO', 'SE AUTORIZA SU SALIDA', '2020-01-30 09:00:47', 'VILLANUEVA PARIONA, ROLANDO', NULL, 'ACTIVO', '2020-01-30 13:57:30', '2020-01-30 14:00:47'),
(192, 83, 3, '2020-01-30 09:30:00', '2020-01-30 12:00:00', 'COORDINACIÓN CON LA OPMI DEL GRA', 'AUTORIZADO', 'OK', '2020-01-30 09:20:49', 'ESPINO MENDEZ, SANTIAGO', NULL, 'ACTIVO', '2020-01-30 14:10:56', '2020-01-30 14:20:49'),
(193, 84, 3, '2020-01-30 09:30:00', '2020-01-30 12:00:00', 'COORDINACIÓN EN EL OPMI-GRA, FORMULACIÓN DEL PMI', 'AUTORIZADO', 'OK', '2020-01-30 09:20:58', 'ESPINO MENDEZ, SANTIAGO', NULL, 'ACTIVO', '2020-01-30 14:11:09', '2020-01-30 14:20:58'),
(194, 64, 3, '2020-01-30 09:30:00', '2020-01-30 10:30:00', 'PRONIED AYACUCHO  A COORDINAR SOBRE MI MANTENIMIENTO.', 'AUTORIZADO', 'OK', '2020-01-30 09:48:52', 'CASMA PINTO, ROXANA ELIZABETH', NULL, 'ACTIVO', '2020-01-30 14:19:58', '2020-01-30 14:48:52'),
(195, 6, 1, '2020-01-30 11:00:00', '2020-01-30 11:59:00', 'PERSONAL', 'AUTORIZADO', 'OK', '2020-01-30 10:51:02', 'RAMOS RÍOS, JESÚS MIGUEL', NULL, 'ACTIVO', '2020-01-30 15:47:58', '2020-01-30 15:51:02'),
(196, 42, 4, '2020-01-30 14:30:00', '2020-01-30 16:00:00', 'CITA MÉDICA', 'AUTORIZADO', 'AUTORIZADO', '2020-01-30 13:16:18', 'MENDOZA GUERRERO, MARINA CLEOFÉ', NULL, 'ACTIVO', '2020-01-30 17:42:18', '2020-01-30 18:16:18'),
(197, 81, 3, '2020-01-30 15:20:00', '2020-01-30 16:20:00', 'PARTICIPAR EN LA REUNIÓN MULTISECTORIAL  DE LA ESTRATEGIA REGIONAL INCLUIR PARA CRECER AYACUCHO-GRA', 'AUTORIZADO', 'OK', '2020-01-30 15:26:40', 'ESPINO MENDEZ, SANTIAGO', NULL, 'ACTIVO', '2020-01-30 20:22:12', '2020-01-30 20:26:40');
INSERT INTO `leaves` (`id`, `user_id`, `leavetype_id`, `fh_from`, `fh_to`, `description`, `resp_status`, `resp_msg`, `resp_chdate`, `resp_name`, `isread`, `status`, `created_at`, `updated_at`) VALUES
(198, 17, 1, '2020-01-30 16:40:00', '2020-01-30 17:30:00', 'PARTICULAR', 'AUTORIZADO', 'OK', '2020-01-30 16:35:06', 'RAMOS RÍOS, JESÚS MIGUEL', NULL, 'ACTIVO', '2020-01-30 21:33:40', '2020-01-30 21:35:06'),
(199, 30, 2, '2020-01-31 07:45:00', '2020-01-31 09:00:00', 'SEGUNDA MUESTRA PARA DESCARTE DE ENFERMEDAD EN EL NUEVO HOSPITAL REGIONAL', 'AUTORIZADO', 'OK', '2020-01-31 07:39:35', 'RAMOS RÍOS, JESÚS MIGUEL', NULL, 'ACTIVO', '2020-01-31 12:36:37', '2020-01-31 12:39:35'),
(200, 68, 3, '2020-01-31 08:30:00', '2020-01-31 17:00:00', 'LEVANTAMIENTO, VERIFICACIÓN  DE INVENTARIO DE LA ESCUELA SUPERIOR DE FORMACIÓN ARTÍSTICA \"FELIPE GUAMAN POMA DE AYALA .', 'AUTORIZADO', 'OK', '2020-01-31 07:58:01', 'BARRON MUNAILLA, MAURA', NULL, 'ACTIVO', '2020-01-31 12:55:49', '2020-01-31 12:58:01'),
(201, 3, 1, '2020-01-31 10:00:00', '2020-01-31 11:00:00', 'ASUNTOS PARTICULARES', 'AUTORIZADO', 'OK', '2020-01-31 09:58:37', 'RAMOS RÍOS, JESÚS MIGUEL', NULL, 'ACTIVO', '2020-01-31 14:56:30', '2020-01-31 14:58:37'),
(202, 5, 1, '2020-01-31 10:45:00', '2020-01-31 11:30:00', 'TRÁMITES EN LA RENIEC Y CMAN', 'AUTORIZADO', 'OK', '2020-01-31 10:44:58', 'RAMOS RÍOS, JESÚS MIGUEL', NULL, 'ACTIVO', '2020-01-31 15:43:44', '2020-01-31 15:44:58'),
(203, 93, 2, '2020-01-31 15:00:00', '2020-01-31 15:30:00', 'CITA MÉDICA (REHABILITACIÓN)', 'AUTORIZADO', 'OK', '2020-01-31 11:18:56', 'RAMOS RÍOS, JESÚS MIGUEL', NULL, 'ACTIVO', '2020-01-31 16:18:10', '2020-01-31 16:18:56'),
(204, 17, 2, '2020-01-31 15:00:00', '2020-01-31 16:30:00', 'CITA EN ESSALUD', 'AUTORIZADO', 'OK', '2020-01-31 15:13:16', 'RAMOS RÍOS, JESÚS MIGUEL', NULL, 'ACTIVO', '2020-01-31 20:11:54', '2020-01-31 20:13:16'),
(205, 61, 3, '2020-01-31 15:30:00', '2020-01-31 16:30:00', 'NOTIFICAR ORDENES DE SERVICIO', 'EN ESPERA', NULL, NULL, NULL, NULL, 'SUSPENDIDO', '2020-01-31 20:27:02', '2020-01-31 20:36:32'),
(206, 5, 1, '2020-02-03 07:30:00', '2020-02-03 08:30:00', 'TRÁMITE DE CITA EN ESSALUD', 'AUTORIZADO', 'OK', '2020-02-03 07:28:47', 'RAMOS RÍOS, JESÚS MIGUEL', NULL, 'ACTIVO', '2020-02-03 12:28:22', '2020-02-03 12:28:47'),
(207, 56, 4, '2020-02-03 07:40:00', '2020-02-03 11:00:00', 'TOPICO ES SALUD : APLICACIONES DE AMPOLLAS Y NEBULIZACION', 'AUTORIZADO', 'SE LE AUTORIZA SEGÚN SU CITA MEDICA', '2020-02-03 08:04:55', 'VARGAS FLORES, WILDER', NULL, 'ACTIVO', '2020-02-03 12:34:39', '2020-02-03 13:04:55'),
(208, 70, 2, '2020-02-03 08:15:00', '2020-02-03 10:30:00', 'CITA EN ESSALUD', 'AUTORIZADO', 'OK', '2020-02-03 08:12:09', 'ESPINO MENDEZ, SANTIAGO', NULL, 'ACTIVO', '2020-02-03 13:10:32', '2020-02-03 13:12:09'),
(209, 60, 3, '2020-02-03 09:00:00', '2020-02-03 12:00:00', 'GOB.REG.OF.TESOR-CONCILIACIONES:PRESENTACIÓN Y SUSTENTACIÓN CONCILIACIÓN CTAS ENLACE DICIEMBRE Y CIERRE EJERCICIO 2019.', 'AUTORIZADO', 'OK', '2020-02-03 08:52:06', 'NAVARRO PALOMINO, MARIA LOURDES', NULL, 'ACTIVO', '2020-02-03 13:49:37', '2020-02-03 13:52:06'),
(210, 89, 1, '2020-02-03 09:00:00', '2020-02-03 10:50:00', 'LLEVAR A MI MENOR HIJO AL ESSALUD', 'AUTORIZADO', 'OK', '2020-02-03 08:53:46', 'MARTÍNEZ ROCCA, LUIS ALBERTO', NULL, 'ACTIVO', '2020-02-03 13:51:15', '2020-02-03 13:53:46'),
(211, 68, 3, '2020-02-03 09:30:00', '2020-02-03 17:00:00', 'PROSEGUIR CON LABORES SOBRE INVENTARIOS EN LA ESBA \"FELIPE GUAMAN POMA  DE  AYALA', 'AUTORIZADO', 'OK', '2020-02-03 09:13:06', 'BARRON MUNAILLA, MAURA', NULL, 'ACTIVO', '2020-02-03 14:10:02', '2020-02-03 14:13:06'),
(212, 78, 2, '2020-02-03 10:00:00', '2020-02-03 12:00:00', 'CITA EN ESSALUD', 'AUTORIZADO', 'OK', '2020-02-03 09:16:42', 'ESPINO MENDEZ, SANTIAGO', NULL, 'ACTIVO', '2020-02-03 14:14:55', '2020-02-03 14:16:42'),
(213, 25, 1, '2020-02-03 10:00:00', '2020-02-03 11:00:00', 'TRAMITAR DOCUMENTOS PARTICULARES EN LA MUNICIPALIDAD', 'AUTORIZADO', 'SE AUTORIZA SU SALIDA', '2020-02-03 09:37:22', 'VILLANUEVA PARIONA, ROLANDO', NULL, 'ACTIVO', '2020-02-03 14:31:36', '2020-02-03 14:37:22'),
(214, 53, 3, '2020-02-03 10:00:00', '2020-02-03 22:00:00', 'A NOTIFICAR SOBRE CHEQUES DE SENTENCIAS JUDICIALES DEL EJERCICIO 2019', 'AUTORIZADO', 'OK', '2020-02-03 09:51:17', 'NAVARRO PALOMINO, MARIA LOURDES', NULL, 'ACTIVO', '2020-02-03 14:50:46', '2020-02-03 14:51:17'),
(215, 61, 3, '2020-02-03 10:00:00', '2020-02-03 11:00:00', 'NOTIFICAR ORDEN DE SERVICIO', 'AUTORIZADO', 'SE LE AUTORIZA LA SALIDA PARA NOTIFICAR LA ORDEN DE SERVICIO', '2020-02-03 10:03:26', 'VARGAS FLORES, WILDER', NULL, 'ACTIVO', '2020-02-03 14:57:53', '2020-02-03 15:03:26'),
(216, 8, 1, '2020-02-03 15:00:00', '2020-02-03 17:00:00', 'NINGUNO', 'AUTORIZADO', 'OK', '2020-02-03 12:42:36', 'RAMOS RÍOS, JESÚS MIGUEL', NULL, 'ACTIVO', '2020-02-03 17:40:23', '2020-02-03 17:42:36'),
(217, 37, 3, '2020-02-03 04:00:00', '2020-02-03 06:00:00', 'REUNION DECLARATORIA DE NECESIDAD PUBLICA E INTERES REGIONAL EL MANTENIMIENTO Y EJECUCIÓN DE PROYECTOS DE INV PUB. GRA', 'AUTORIZADO', 'OK', '2020-02-03 15:41:45', 'VILLANUEVA PARIONA, ROLANDO', NULL, 'ACTIVO', '2020-02-03 20:40:59', '2020-02-03 20:41:45'),
(218, 28, 3, '2020-02-03 03:50:00', '2020-02-03 06:00:00', 'REUNIÓN DECLARATORIA DE NECESIDAD PUBLICA E INTERÉS REGIONAL EL MANTENIMIENTO Y EJECUCIÓN DE PROYECTOS DE INV PUB. GRA', 'AUTORIZADO', 'OK', '2020-02-03 15:45:32', 'RAMOS RÍOS, JESÚS MIGUEL', NULL, 'ACTIVO', '2020-02-03 20:42:39', '2020-02-03 20:45:32'),
(219, 38, 3, '2020-02-03 03:45:00', '2020-02-03 06:00:00', 'PARTICIPACIÓN DE LA MESA TÉCNICA PROGRAMADO POR EL GOBIERNO REGIONAL DE AYACUCHO', 'AUTORIZADO', 'OK', '2020-02-03 15:46:01', 'VILLANUEVA PARIONA, ROLANDO', NULL, 'ACTIVO', '2020-02-03 20:44:46', '2020-02-03 20:46:01'),
(220, 13, 1, '2020-02-03 04:30:00', '2020-02-03 05:30:00', 'REUNION PARTICULAR', 'AUTORIZADO', 'OK', '2020-02-03 16:23:12', 'RAMOS RÍOS, JESÚS MIGUEL', NULL, 'ACTIVO', '2020-02-03 21:12:45', '2020-02-03 21:23:12'),
(221, 8, 2, '2020-02-04 07:40:00', '2020-02-04 09:40:00', 'ESSALUD', 'AUTORIZADO', 'OK', '2020-02-04 07:34:58', 'RAMOS RÍOS, JESÚS MIGUEL', NULL, 'ACTIVO', '2020-02-04 12:33:49', '2020-02-04 12:34:58'),
(222, 75, 3, '2020-02-04 08:00:00', '2020-02-04 10:00:00', 'COORDINACIONES SUB GERENCIA DE PLANEAMIENTO GRA', 'AUTORIZADO', 'OK', '2020-02-04 07:47:36', 'ESPINO MENDEZ, SANTIAGO', NULL, 'ACTIVO', '2020-02-04 12:46:27', '2020-02-04 12:47:36'),
(223, 68, 3, '2020-02-04 08:30:00', '2020-02-04 17:30:00', 'PROSEGUIR CON LAS LABORES  DE LEVANTAMIENTO, ETIQUETADO  EN EL PROCESO  DE INVENTARIOS', 'AUTORIZADO', 'OK', '2020-02-04 08:07:09', 'BARRON MUNAILLA, MAURA', NULL, 'ACTIVO', '2020-02-04 13:03:09', '2020-02-04 13:07:09'),
(224, 37, 4, '2020-01-04 08:30:00', '2020-01-04 12:41:00', 'SUPERVISION Y MONITOREO DE ACADEMIAS CON LA FISCALIA Y OTRAS INSTITUCIONES', 'AUTORIZADO', 'OK', '2020-02-04 08:08:20', 'VILLANUEVA PARIONA, ROLANDO', NULL, 'ACTIVO', '2020-02-04 13:03:27', '2020-02-04 13:08:20'),
(225, 53, 3, '2020-02-04 09:00:00', '2020-02-04 11:30:00', 'PARA NOTIFICAR A  PERSONAS QUE TIENEN CHEQUES POR RECOGER DEL EJERCICIO 2019, DE SENTENCIAS', 'AUTORIZADO', 'OK', '2020-02-04 08:22:52', 'NAVARRO PALOMINO, MARIA LOURDES', NULL, 'ACTIVO', '2020-02-04 13:16:52', '2020-02-04 13:22:52'),
(226, 64, 3, '2020-02-04 09:00:00', '2020-02-04 10:00:00', 'A UGEL HUAMANGA A COORDINAR SOBRE MI MANTENIMIENTO', 'AUTORIZADO', 'OK', '2020-02-04 08:46:07', 'CASMA PINTO, ROXANA ELIZABETH', NULL, 'ACTIVO', '2020-02-04 13:44:12', '2020-02-04 13:46:07'),
(227, 38, 1, '2020-02-04 09:40:00', '2020-02-04 11:00:00', 'TRAMITES ADMINISTRATIVOS A ESSALUD', 'AUTORIZADO', 'SE AUTORIZA SU SALIDA', '2020-02-04 09:40:46', 'VILLANUEVA PARIONA, ROLANDO', NULL, 'ACTIVO', '2020-02-04 14:31:35', '2020-02-04 14:40:46'),
(228, 60, 4, '2020-02-04 09:45:00', '2020-02-04 11:30:00', 'GOB.REG.OF.TESORERÍA-CONCILIACIONES: ENTREGA Y RECEPCIÓN DE ACTA DE CONCILIACIÓN DE CUENTAS DE ENLACE DEL EJERCICIO 2019', 'AUTORIZADO', 'OK', '2020-02-04 09:34:14', 'NAVARRO PALOMINO, MARIA LOURDES', NULL, 'ACTIVO', '2020-02-04 14:33:46', '2020-02-04 14:34:14'),
(229, 6, 1, '2020-01-04 09:40:00', '2020-01-04 13:00:00', 'ASUNTOS FAMILIARES', 'AUTORIZADO', 'OK', '2020-02-04 09:43:37', 'RAMOS RÍOS, JESÚS MIGUEL', NULL, 'ACTIVO', '2020-02-04 14:36:49', '2020-02-04 14:43:37'),
(230, 90, 1, '2020-02-04 10:45:00', '2020-02-04 11:50:00', 'ASISTENCIA MEDICA DE MI SEÑORA ESPOSA', 'AUTORIZADO', 'OK', '2020-02-04 10:35:22', 'RAMOS RÍOS, JESÚS MIGUEL', NULL, 'ACTIVO', '2020-02-04 15:01:59', '2020-02-04 15:35:22'),
(231, 102, 4, '2020-02-04 03:10:00', '2020-02-04 03:40:00', 'VERIFICACIÓN DE LA DIRECCIÓN Y VALIDEZ DE LA BOLETA DE VENTA POR ADQUISICIÓN DE BIENES PARA UN INSTITUTO', 'AUTORIZADO', 'OK', '2020-02-04 12:58:20', 'BONIFACIO ROJAS, CÉSAR SALOMÓN', NULL, 'ACTIVO', '2020-02-04 17:52:42', '2020-02-04 17:58:20'),
(232, 76, 4, '2020-02-04 15:00:00', '2020-02-04 18:00:00', 'CAPACITACION  ORGANIZADA POR EL MINISTERIO DE ECONOMIA Y FINANZAS MEMORANDUM MULTIPLE Nº 27-2020-GRA/GR-GG', 'AUTORIZADO', 'OK', '2020-02-04 12:53:41', 'ESPINO MENDEZ, SANTIAGO', NULL, 'ACTIVO', '2020-02-04 17:52:45', '2020-02-04 17:53:41'),
(233, 70, 4, '2020-02-04 03:00:00', '2020-02-04 05:30:00', 'TALLER DE ASISTENCIA TECNICA PARA LA GESTION PRESUPUESTARIA ORIENTADA AL LOGRO DE RESULTADOS, POR EL MEF', 'AUTORIZADO', 'OK', '2020-02-04 13:04:18', 'ESPINO MENDEZ, SANTIAGO', NULL, 'ACTIVO', '2020-02-04 18:03:47', '2020-02-04 18:04:18'),
(234, 75, 7, '2020-02-04 03:00:00', '2020-02-04 05:00:00', 'TALLER DE ASISTENCIA TÉCNICA EN GESTIÓN PRESUPUESTAL 2020', 'AUTORIZADO', 'OK', '2020-02-04 14:58:58', 'ESPINO MENDEZ, SANTIAGO', NULL, 'ACTIVO', '2020-02-04 19:57:23', '2020-02-04 19:58:58'),
(235, 7, 3, '2020-02-04 16:00:00', '2020-02-04 17:00:00', 'SUNAT', 'AUTORIZADO', 'OK', '2020-02-04 15:47:06', 'RAMOS RÍOS, JESÚS MIGUEL', NULL, 'ACTIVO', '2020-02-04 20:46:14', '2020-02-04 20:47:06'),
(236, 68, 3, '2020-02-05 08:30:00', '2020-02-05 17:30:00', 'CONTINUAR CON LAS LABORES  SOBRE INVENTARIOS EN LA ESBA FELIPE GUAMAN POMA DE AYALA', 'AUTORIZADO', 'OK', '2020-02-05 08:02:35', 'BARRON MUNAILLA, MAURA', NULL, 'ACTIVO', '2020-02-05 13:00:53', '2020-02-05 13:02:35'),
(237, 70, 4, '2020-02-05 08:30:00', '2020-02-05 17:30:00', 'ASISTENCIA TÉCNICA ARTICULADA, PARA EL ORDENAMIENTO PRESUPUESTAL', 'AUTORIZADO', 'OK', '2020-02-05 08:18:46', 'ESPINO MENDEZ, SANTIAGO', NULL, 'ACTIVO', '2020-02-05 13:18:21', '2020-02-05 13:18:46'),
(238, 37, 4, '2021-01-05 08:30:00', '2021-01-05 12:30:00', 'EVALUACION Y MONITOREO DE ACADEMIAS PREUNIVERSITARIAS CONJUNTAMENTE CON LA FISCALIA Y OTROS', 'AUTORIZADO', 'OK', '2020-02-05 08:26:00', 'VILLANUEVA PARIONA, ROLANDO', NULL, 'ACTIVO', '2020-02-05 13:21:58', '2020-02-05 13:26:00'),
(239, 77, 4, '2020-02-05 08:00:00', '2020-02-05 18:00:00', 'REUNION ATA', 'AUTORIZADO', 'OK', '2020-02-05 08:24:53', 'BENDEZÚ PRADO, SONIA', NULL, 'ACTIVO', '2020-02-05 13:22:02', '2020-02-05 13:24:54'),
(240, 76, 4, '2020-02-05 08:30:00', '2020-02-05 18:00:00', 'OFICIO MULTIPLE Nº 052-2020-GRA-AYAC/GOB-GG-GRDS-DRE/DGI', 'AUTORIZADO', 'OK', '2020-02-05 08:23:51', 'ESPINO MENDEZ, SANTIAGO', NULL, 'ACTIVO', '2020-02-05 13:23:08', '2020-02-05 13:23:51'),
(241, 81, 4, '2020-02-05 08:26:00', '2020-02-05 18:00:00', 'ASISTENCIA TÉCNICA PARA REORDENAMIENTO PRESUPUESTAL', 'AUTORIZADO', 'OK', '2020-02-05 08:27:15', 'ESPINO MENDEZ, SANTIAGO', NULL, 'ACTIVO', '2020-02-05 13:26:56', '2020-02-05 13:27:15'),
(242, 38, 4, '2020-02-05 08:30:00', '2020-02-05 13:00:00', 'EVALUACIÓN Y MONITOREO DE ACADEMIAS PRE-UNIVERSITARIAS EN CONJUNTO CON LA FISCALIA, MUNICIPIO Y OTROS.', 'AUTORIZADO', 'SE AUTORIZA SU SALIDA', '2020-02-05 08:30:51', 'VILLANUEVA PARIONA, ROLANDO', NULL, 'ACTIVO', '2020-02-05 13:30:07', '2020-02-05 13:30:51'),
(243, 54, 4, '2020-02-05 09:10:00', '2020-02-05 13:00:00', 'TALLER DE CAPACITACIÓN ORGANIZADA POR DIRECCIÓN DE GESTIÓN INSTITUCIONAL', 'AUTORIZADO', 'OK', '2020-02-05 09:00:51', 'CASMA PINTO, ROXANA ELIZABETH', NULL, 'ACTIVO', '2020-02-05 13:59:57', '2020-02-05 14:00:51'),
(244, 69, 7, '2020-02-05 09:15:00', '2020-02-05 13:15:00', 'CAPACITACION POR PARTE DE MINEDU EN LA PROGRAMACION DE PRESUPUESTO DE LA GENERICA 2.3', 'AUTORIZADO', 'OK', '2020-02-05 09:15:13', 'CASMA PINTO, ROXANA ELIZABETH', NULL, 'ACTIVO', '2020-02-05 14:14:42', '2020-02-05 14:15:13'),
(245, 69, 7, '2020-02-05 09:15:00', '2020-02-05 13:15:00', 'CAPACITACION POR PARTE DE MINEDU EN LA PROGRAMACION DE PRESUPUESTO DE LA GENERICA 2.3', 'AUTORIZADO', 'OK', '2020-02-05 09:15:03', 'CASMA PINTO, ROXANA ELIZABETH', NULL, 'SUSPENDIDO', '2020-02-05 14:14:45', '2020-02-05 14:15:03'),
(246, 3, 1, '2020-02-05 09:30:00', '2020-02-05 10:40:00', 'ASUNTOS PARTICULARES', 'AUTORIZADO', 'OK', '2020-02-05 09:24:34', 'RAMOS RÍOS, JESÚS MIGUEL', NULL, 'ACTIVO', '2020-02-05 14:23:21', '2020-02-05 14:24:34'),
(247, 75, 7, '2020-02-05 09:47:00', '2020-02-05 18:00:00', 'PARTICIPACIÓN EN ASISTENCIA TÉCNICA ARTICULADA DEL MINEDU - 2020', 'AUTORIZADO', 'OK', '2020-02-05 09:50:13', 'ESPINO MENDEZ, SANTIAGO', NULL, 'ACTIVO', '2020-02-05 14:48:42', '2020-02-05 14:50:13'),
(248, 25, 1, '2020-02-05 10:30:00', '2020-02-05 11:30:00', 'LLEVAR A MI HIJA A SU CONTROL DE CRECIMIENTO', 'AUTORIZADO', 'OK', '2020-02-05 10:04:05', 'VILLANUEVA PARIONA, ROLANDO', NULL, 'ACTIVO', '2020-02-05 15:03:01', '2020-02-05 15:04:05'),
(249, 64, 3, '2020-02-05 10:30:00', '2020-02-05 11:30:00', 'VISITA DE INSPECCIÓN DE INFRAESTRUCTURA DE LOS  LOCALES DE ACADEMIA PRE UNIVERSITARIA SOLICITADO POR  EL PROMOTOR.', 'AUTORIZADO', 'OK', '2020-02-05 10:29:39', 'CASMA PINTO, ROXANA ELIZABETH', NULL, 'ACTIVO', '2020-02-05 15:13:24', '2020-02-05 15:29:39'),
(250, 56, 4, '2020-02-05 15:00:00', '2020-02-05 17:00:00', 'CITA MEDICA ES SALUD AYACUCHO', 'AUTORIZADO', 'SE AUTORIZA SU SALIDA PARA LA CITA MEDICA ES SALUD AYACUCHO', '2020-02-05 12:29:42', 'VARGAS FLORES, WILDER', NULL, 'ACTIVO', '2020-02-05 17:25:53', '2020-02-05 17:29:42'),
(251, 28, 4, '2020-02-05 03:00:00', '2020-02-05 06:30:00', 'PROGRAMAS PRESUPUESTALES EN EL MARCO DE FORTALECIMIENTO DE LOS INSTITUTOS EN LA CÁMARA DE COMERCIO', 'AUTORIZADO', 'OK', '2020-02-05 15:02:15', 'RAMOS RÍOS, JESÚS MIGUEL', NULL, 'ACTIVO', '2020-02-05 19:58:46', '2020-02-05 20:02:19'),
(252, 38, 4, '2020-02-05 03:00:00', '2020-02-05 18:30:00', 'TALLER DE ASISTENCIA TÉCNICA ARTICULADA SOBRE EL ORDENAMIENTO PRESUPUESTAL PARA LA IMPLEMENTACION DE ESTRATEGIAS 2020.', 'AUTORIZADO', 'OK', '2020-02-05 15:00:55', 'VILLANUEVA PARIONA, ROLANDO', NULL, 'ACTIVO', '2020-02-05 20:00:46', '2020-02-05 20:00:55'),
(253, 37, 4, '2020-02-05 03:20:00', '2020-02-05 06:30:00', 'ASISTENCIA TECNICA  ARTICULADA SOBRE ORDENAMIENTO PRESUPUESTAL 2020', 'AUTORIZADO', 'OK', '2020-02-05 15:17:14', 'RAMOS RÍOS, JESÚS MIGUEL', NULL, 'ACTIVO', '2020-02-05 20:16:15', '2020-02-05 20:17:14'),
(254, 77, 4, '2020-02-06 08:00:00', '2020-02-06 18:00:00', 'ASISTENCIA TÉCNICA ARTICULADA SOBRE EL ORDENAMIENTO PRESUPUESTAL PARA LA IMPLEMENTACIÓN DE ESTRATEGIAS 2020.', 'AUTORIZADO', 'OK', '2020-02-06 07:58:02', 'BENDEZÚ PRADO, SONIA', NULL, 'ACTIVO', '2020-02-06 12:54:11', '2020-02-06 12:58:02'),
(255, 76, 4, '2020-02-06 08:30:00', '2020-02-06 18:00:00', 'MEMORANDO MULTIPLE Nº 007-2020-GR-DRE/DGI-EF', 'AUTORIZADO', 'OK', '2020-02-06 08:00:28', 'ESPINO MENDEZ, SANTIAGO', NULL, 'ACTIVO', '2020-02-06 12:58:57', '2020-02-06 13:00:28'),
(256, 70, 4, '2020-02-06 08:00:00', '2020-02-06 17:30:00', 'ASISTENCIA TECNICA ARTICULADA, PARA EL ORDENAMIENTO PRESUPUESTAL', 'AUTORIZADO', 'OK', '2020-02-06 08:00:15', 'ESPINO MENDEZ, SANTIAGO', NULL, 'ACTIVO', '2020-02-06 12:59:11', '2020-02-06 13:00:15'),
(257, 81, 4, '2020-02-06 08:00:00', '2020-02-06 18:00:00', 'ASISTENCIA TÉCNICA ARTICULADA SOBRE EL ORDENAMIENTO PRESUPUESTAL PARA LA IMPLEMENTACIÓN DE ESTRATEGIA 2020', 'AUTORIZADO', 'OK', '2020-02-06 08:08:53', 'ESPINO MENDEZ, SANTIAGO', NULL, 'ACTIVO', '2020-02-06 13:06:21', '2020-02-06 13:08:53'),
(258, 61, 3, '2020-02-06 08:30:00', '2020-02-06 10:30:00', 'REALIZAR COTIZACIONES DIVERSAS', 'AUTORIZADO', 'SE AUTORIZA SU SALIDA PARA REALIZAR EL ESTUDIO DE MERCADO', '2020-02-06 08:31:03', 'VARGAS FLORES, WILDER', NULL, 'ACTIVO', '2020-02-06 13:14:54', '2020-02-06 13:31:03'),
(259, 9, 2, '2020-02-06 09:00:00', '2020-02-06 10:00:00', 'ATENCION MEDICA - ESSALUD', 'AUTORIZADO', 'OK', '2020-02-06 08:53:39', 'RAMOS RÍOS, JESÚS MIGUEL', NULL, 'ACTIVO', '2020-02-06 13:42:19', '2020-02-06 13:53:39'),
(260, 7, 3, '2020-02-06 09:00:00', '2020-02-06 12:00:00', 'ESSALUD', 'AUTORIZADO', 'OK', '2020-02-06 09:05:56', 'RAMOS RÍOS, JESÚS MIGUEL', NULL, 'ACTIVO', '2020-02-06 13:59:05', '2020-02-06 14:05:56'),
(261, 55, 4, '2020-02-06 09:30:00', '2020-02-06 12:20:00', 'CURSO DE CAPACITACIÓN EFECTUADA POR LA INSTITUCIÓN', 'AUTORIZADO', 'SE AUTORIZA LA SALIDA PARA CURSO DE CAPACITACIÓN EFECTUADA POR LA INSTITUCIÓN', '2020-02-06 09:23:01', 'VARGAS FLORES, WILDER', NULL, 'ACTIVO', '2020-02-06 14:21:21', '2020-02-06 14:23:01'),
(262, 53, 3, '2020-02-06 10:00:00', '2020-02-06 12:00:00', 'A NOTIFICAR A PENSIONISTA  PARA EL RECOJO DE CHEQUES X SENTENCIAS JUDICIALES DEL 2019', 'AUTORIZADO', 'OK', '2020-02-06 09:45:11', 'NAVARRO PALOMINO, MARIA LOURDES', NULL, 'ACTIVO', '2020-02-06 14:43:20', '2020-02-06 14:45:11'),
(263, 69, 7, '2020-02-06 10:33:00', '2020-02-06 18:00:00', 'CAPACITACIÓN AUTORIZADA', 'AUTORIZADO', 'OK', '2020-02-06 10:32:12', 'CASMA PINTO, ROXANA ELIZABETH', NULL, 'ACTIVO', '2020-02-06 15:31:19', '2020-02-06 15:32:12'),
(264, 93, 2, '2020-01-06 13:00:00', '2020-01-06 15:30:00', 'CITA MÉDICA ( REHABILITACIÓN)', 'AUTORIZADO', 'OK', '2020-02-06 11:03:54', 'RAMOS RÍOS, JESÚS MIGUEL', NULL, 'ACTIVO', '2020-02-06 16:02:50', '2020-02-06 16:03:54'),
(265, 28, 3, '2020-02-07 08:00:00', '2020-02-07 14:00:00', 'VERIFICACIÓN INSITU CON LA COMISIÓN VERIFICADORA DEL MINEDU PROCESO LICENCIAMIENTO \"CLAM\"', 'AUTORIZADO', 'OK', '2020-02-07 07:52:35', 'RAMOS RÍOS, JESÚS MIGUEL', NULL, 'ACTIVO', '2020-02-07 12:49:29', '2020-02-07 12:52:35'),
(266, 70, 4, '2020-02-07 08:30:00', '2020-02-07 17:30:00', 'ASISTENCIA TECNICA ARTICULADA, PARA EL ORDENAMIENTO PRESUPUESTAL', 'AUTORIZADO', 'OK', '2020-02-07 08:19:12', 'ESPINO MENDEZ, SANTIAGO', NULL, 'ACTIVO', '2020-02-07 12:56:25', '2020-02-07 13:19:12'),
(267, 77, 4, '2020-02-07 08:30:00', '2020-02-07 18:00:00', 'ASISTENCIA TÉCNICA ARTICULADA SOBRE EL ORDENAMIENTO PRESUPUESTAL PARA LA IMPLEMENTACIÓN  DE ESTRATEGIAS 2020', 'AUTORIZADO', 'OK', '2020-02-07 08:19:59', 'BENDEZÚ PRADO, SONIA', NULL, 'ACTIVO', '2020-02-07 13:12:45', '2020-02-07 13:19:59'),
(268, 80, 4, '2020-02-07 08:30:00', '2020-02-07 17:30:00', 'ASISTENCIA TÉCNICA SOBRE ORDENAMIENTO PRESUPUESTAL', 'AUTORIZADO', 'OK', '2020-02-07 08:19:36', 'ESPINO MENDEZ, SANTIAGO', NULL, 'ACTIVO', '2020-02-07 13:17:07', '2020-02-07 13:19:36'),
(269, 81, 4, '2020-02-07 08:30:00', '2020-02-07 17:30:00', 'ASISTENCIA TÉCNICA ARTICULADA PARA EL ORDENAMIENTO PRESUPUESTAL DE LOS RECURSOS', 'AUTORIZADO', 'OK', '2020-02-07 08:19:24', 'ESPINO MENDEZ, SANTIAGO', NULL, 'ACTIVO', '2020-02-07 13:18:22', '2020-02-07 13:19:24'),
(270, 83, 3, '2020-02-07 09:00:00', '2020-02-07 11:00:00', 'COORDINACIÓN CON OPMI DEL GRA', 'AUTORIZADO', 'OK', '2020-02-07 08:26:17', 'ESPINO MENDEZ, SANTIAGO', NULL, 'ACTIVO', '2020-02-07 13:25:31', '2020-02-07 13:26:17'),
(271, 79, 4, '2020-02-07 08:50:00', '2020-02-07 17:30:00', 'ASISTENCIA TECNICA ARTICULADA', 'AUTORIZADO', 'OK', '2020-02-07 08:49:49', 'ESPINO MENDEZ, SANTIAGO', NULL, 'ACTIVO', '2020-02-07 13:49:17', '2020-02-07 13:49:49'),
(272, 37, 3, '2020-02-07 09:00:00', '2020-02-07 11:59:00', 'REUNION DE CORDINACION  EN EL OPEMI DEL GRA.  POR  INSCRIPCION EN EL PMI DEL PROYECTO LOCAL DREA', 'AUTORIZADO', 'OK', '2020-02-07 09:02:57', 'RAMOS RÍOS, JESÚS MIGUEL', NULL, 'ACTIVO', '2020-02-07 13:58:59', '2020-02-07 14:02:57'),
(273, 64, 3, '2020-02-07 10:00:00', '2020-02-07 11:00:00', 'EN COMISIÓN DE SERVICIOS A HUANTA A VERIFICAR LA INFRAESTRUCTURA DEEL LOCAL DE LA IE  PRIVADA GLOBALTEC', 'AUTORIZADO', 'OK', '2020-02-07 09:53:50', 'CASMA PINTO, ROXANA ELIZABETH', NULL, 'ACTIVO', '2020-02-07 14:51:48', '2020-02-07 14:53:50'),
(274, 61, 4, '2020-02-07 10:00:00', '2020-02-07 12:00:00', 'TALLER DE ASISTENCIA TECNICA SOBRE ORDENAMIENTO PRESUPUESTAL', 'AUTORIZADO', 'SE AUTORIZA SU SALIDA PARA TALLER DE ASISTENCIA TÉCNICA SOBRE ORDENAMIENTO PRESUPUESTAL', '2020-02-07 09:55:20', 'VARGAS FLORES, WILDER', NULL, 'ACTIVO', '2020-02-07 14:54:31', '2020-02-07 14:55:20'),
(275, 64, 3, '2020-02-07 10:00:00', '2020-02-07 11:00:00', 'EN COMISIÓN DE SERVICIOS A LA IIEE PRIVADA GLOBALTEC DE HUANTA. A VERIFICAR LA INFRAESTRUCTURA.', 'AUTORIZADO', 'OK', '2020-02-07 10:01:32', 'CASMA PINTO, ROXANA ELIZABETH', NULL, 'ACTIVO', '2020-02-07 15:00:15', '2020-02-07 15:01:32'),
(276, 68, 3, '2020-02-07 10:50:00', '2020-02-07 11:30:00', 'COORDINACION   OFICINA  DE CONTROL PATRIMONIAL', 'AUTORIZADO', 'OK', '2020-02-07 10:48:01', 'BARRON MUNAILLA, MAURA', NULL, 'ACTIVO', '2020-02-07 15:47:30', '2020-02-07 15:48:01'),
(277, 61, 3, '2020-02-07 15:50:00', '2020-02-07 17:30:00', 'NOTIFICAR ORDENES', 'AUTORIZADO', 'SE AUTORIZA LA SALIDA PARA LA NOTIFICAR DE ORDENES', '2020-02-07 15:45:58', 'VARGAS FLORES, WILDER', NULL, 'ACTIVO', '2020-02-07 20:45:33', '2020-02-07 20:45:58'),
(278, 70, 2, '2020-02-10 06:30:00', '2020-02-10 08:10:00', 'CITA EN LABORATORIO DE ESSALUD', 'AUTORIZADO', 'OK', '2020-02-07 18:23:06', 'ESPINO MENDEZ, SANTIAGO', NULL, 'ACTIVO', '2020-02-07 23:21:56', '2020-02-07 23:23:06'),
(279, 70, 2, '2020-02-10 06:30:00', '2020-02-10 08:10:00', 'CITA LABORATORIO ESSALUD', 'EN ESPERA', NULL, NULL, NULL, NULL, 'SUSPENDIDO', '2020-02-07 23:24:44', '2020-02-07 23:25:24'),
(280, 53, 3, '2020-02-10 09:30:00', '2020-02-10 11:30:00', 'AL TERM. SUR RECOJO DE COMPROBANTES DE PAGO DE LOS INT. DEL SUR Y NOTIFICACION DE CHEQUES  DE SENT . JUD', 'AUTORIZADO', 'BIEN', '2020-02-10 09:06:04', 'RAMOS CAMPOS, FRANCISCO', NULL, 'ACTIVO', '2020-02-10 14:02:57', '2020-02-10 14:06:04'),
(281, 5, 1, '2020-02-10 09:20:00', '2020-02-10 10:45:00', 'TRÁMITES DE RATIFICACIÓN DE MATRÍCULA DE MIS MENORES HIJAS', 'AUTORIZADO', 'AUTORIZADO', '2020-02-10 09:21:49', 'MENDOZA ORE, ROSALÍA ESTHER', NULL, 'ACTIVO', '2020-02-10 14:19:23', '2020-02-10 14:21:49'),
(282, 93, 2, '2020-02-10 11:30:00', '2020-02-10 15:00:00', 'POR CITA MÉDICA (REHABILITACIÓN)', 'AUTORIZADO', 'AUTORIZADO', '2020-02-10 10:16:22', 'MENDOZA ORE, ROSALÍA ESTHER', NULL, 'ACTIVO', '2020-02-10 14:55:42', '2020-02-10 15:16:22'),
(283, 29, 4, '2020-02-10 10:40:00', '2020-02-10 01:00:00', 'REUNIÓN EN MESA DE CONCERTACIÓN SOBRE TEMÁTICA DE AMBIENTE Y AGUA, AUDITORIO DE LA MCLCP- A A. 26 DE ENERO  N° 380', 'AUTORIZADO', 'OK', '2020-02-10 10:42:23', 'VILLANUEVA PARIONA, ROLANDO', NULL, 'ACTIVO', '2020-02-10 15:40:03', '2020-02-10 15:42:23'),
(284, 37, 3, '2020-02-11 08:30:00', '2020-02-11 10:00:00', 'ESTUDIOS DE LA GRA REUNION SOBREE PROYECTO LOCAL DREA AYACUCHO', 'AUTORIZADO', 'OK', '2020-02-11 08:24:26', 'VILLANUEVA PARIONA, ROLANDO', NULL, 'ACTIVO', '2020-02-11 13:23:09', '2020-02-11 13:24:26'),
(285, 83, 3, '2020-02-11 09:00:00', '2020-02-11 13:00:00', 'COORDINACIÓN CON LA OPMI DEL GRA-CARTERA DE INVERSIONES', 'AUTORIZADO', 'OK', '2020-02-11 08:41:25', 'ESPINO MENDEZ, SANTIAGO', NULL, 'ACTIVO', '2020-02-11 13:33:40', '2020-02-11 13:41:25'),
(286, 30, 3, '2020-02-11 08:40:00', '2020-02-11 12:00:00', 'REUNIÓN MULTISECTORIAL DE COORDINACIÓN PARA LA CAMPAÑA \"ÚTILES ESCOLARES SALUDABLES 2020\" DIRESA', 'AUTORIZADO', 'OK', '2020-02-11 08:39:01', 'VILLANUEVA PARIONA, ROLANDO', NULL, 'ACTIVO', '2020-02-11 13:38:41', '2020-02-11 13:39:01'),
(287, 25, 1, '2020-02-11 10:00:00', '2020-02-11 11:00:00', 'TRAMITE PARTICULARES', 'EN ESPERA', NULL, NULL, NULL, NULL, 'SUSPENDIDO', '2020-02-11 14:09:50', '2020-02-11 14:13:47'),
(288, 25, 1, '2020-02-11 10:00:00', '2020-02-11 11:00:00', 'TRAMITE DE DOCUMENTOS PARTICULARES', 'AUTORIZADO', 'AUTORIZADO', '2020-02-11 09:19:19', 'MENDOZA GUERRERO, MARINA CLEOFÉ', NULL, 'ACTIVO', '2020-02-11 14:13:12', '2020-02-11 14:19:19'),
(289, 5, 1, '2020-02-11 09:30:00', '2020-02-11 10:30:00', 'PAGO DE MATRICULA EN DIFERENTES INSTITUCIONES DE BANCOS', 'AUTORIZADO', 'AUTORIZADO', '2020-02-11 09:39:09', 'MENDOZA ORE, ROSALÍA ESTHER', NULL, 'ACTIVO', '2020-02-11 14:30:16', '2020-02-11 14:39:09'),
(290, 24, 1, '2020-02-11 10:48:00', '2020-02-11 11:30:00', 'GESTIONES PARTICULARES', 'AUTORIZADO', 'OK', '2020-02-11 10:52:47', 'VILLANUEVA PARIONA, ROLANDO', NULL, 'ACTIVO', '2020-02-11 15:49:52', '2020-02-11 15:52:47'),
(291, 43, 4, '2020-02-11 14:00:00', '2020-02-11 19:00:00', 'DESARROLLO DEL TALLER', 'AUTORIZADO', 'OK', '2020-02-11 12:57:54', 'VILLANUEVA PARIONA, ROLANDO', NULL, 'ACTIVO', '2020-02-11 17:57:02', '2020-02-11 17:57:54'),
(292, 76, 3, '2020-02-12 09:45:00', '2020-02-12 11:00:00', 'COORDINACION DE TRABAJO EN EL GOBIERNO REGIONAL OFICINA DE FINANZAS', 'AUTORIZADO', 'OK', '2020-02-12 08:41:15', 'ESPINO MENDEZ, SANTIAGO', NULL, 'ACTIVO', '2020-02-12 13:40:27', '2020-02-12 13:41:15'),
(293, 30, 2, '2020-02-12 09:20:00', '2020-02-12 10:50:00', 'EXAMEN AUXILIAR: RADIOLOGÍA DIAGNÓSTICA (RX DE TÓRAX)', 'AUTORIZADO', 'OK', '2020-02-12 09:13:39', 'VILLANUEVA PARIONA, ROLANDO', NULL, 'ACTIVO', '2020-02-12 14:09:20', '2020-02-12 14:13:39'),
(294, 77, 4, '2020-02-12 10:00:00', '2020-02-12 11:00:00', 'COORDINACIÓN SOBRE EL AVANCE DE LAS INFORMACIONES  RELATIVOS AL OFICIO MÚLTIPLE Nª 009-2020-MINEDU.', 'EN ESPERA', NULL, NULL, NULL, NULL, 'SUSPENDIDO', '2020-02-12 14:20:35', '2020-02-13 13:34:23'),
(295, 32, 4, '2020-02-12 10:30:00', '2020-02-12 12:30:00', 'ASISTENCIA TÉCNICA EN LA UGEL HUAMANGA SOBRE EL PROGRAMA PRESUPUESTAL 106 Y SU EJECUCIÓN', 'AUTORIZADO', 'OK', '2020-02-12 09:38:39', 'VILLANUEVA PARIONA, ROLANDO', NULL, 'ACTIVO', '2020-02-12 14:37:30', '2020-02-12 14:38:39'),
(296, 12, 1, '2020-02-12 10:20:00', '2020-02-12 11:20:00', 'ASUNTO PARTICULAR', 'AUTORIZADO', 'OK', '2020-02-12 10:18:27', 'RAMOS RÍOS, JESÚS MIGUEL', NULL, 'ACTIVO', '2020-02-12 15:17:25', '2020-02-12 15:18:27'),
(297, 37, 3, '2020-02-12 03:50:00', '2020-02-12 05:00:00', 'INFORMACION IDEX IESTP MANUEL ANTONIO HIERRO POZO', 'AUTORIZADO', 'OK', '2020-02-12 15:50:39', 'VILLANUEVA PARIONA, ROLANDO', NULL, 'ACTIVO', '2020-02-12 20:08:15', '2020-02-12 20:50:39'),
(298, 64, 3, '2020-02-13 07:50:00', '2020-02-13 08:30:00', 'AL GOBIERNO REGIONAL A COORDINAR SOBRE DOCUMENTOS', 'AUTORIZADO', 'OK', '2020-02-13 07:46:18', 'CASMA PINTO, ROXANA ELIZABETH', NULL, 'ACTIVO', '2020-02-13 12:43:53', '2020-02-13 12:46:18'),
(299, 35, 4, '2020-02-13 08:30:00', '2020-02-13 10:30:00', 'VERIFICACION DE LOCAL DE IE PRIVADO \"MY HAPPY WORLD\", \"SANTO DOMINGO\" - AUTORIZACION DE CREACION', 'AUTORIZADO', 'AUTORIZADO', '2020-02-13 08:33:13', 'MENDOZA GUERRERO, MARINA CLEOFÉ', NULL, 'ACTIVO', '2020-02-13 13:12:19', '2020-02-13 13:33:13'),
(300, 77, 3, '2020-02-13 08:45:00', '2020-02-13 11:30:00', 'REUNIÓN DE COORDINACIÓN SOBRE CUMPLIMIENTO DEL OFICIO MÚLTIPLE N° 009-2020-MINEDU/SPE-OPEP-UPP - RACIONALIZACIÓN', 'AUTORIZADO', 'OK', '2020-02-13 08:41:22', 'BENDEZÚ PRADO, SONIA', NULL, 'ACTIVO', '2020-02-13 13:32:49', '2020-02-13 13:41:22'),
(301, 33, 3, '2020-02-13 08:45:00', '2020-02-13 10:30:00', 'VERIFICACIÓN DE TRASLADO DE LOCAL DE LA IE PRIVADA \"SANTO DOMINGO\"', 'AUTORIZADO', 'AUTORIZADO', '2020-02-13 08:39:20', 'MENDOZA GUERRERO, MARINA CLEOFÉ', NULL, 'ACTIVO', '2020-02-13 13:38:19', '2020-02-13 13:39:20'),
(302, 44, 3, '2020-02-13 08:45:00', '2020-02-13 10:00:00', 'VISITA PARA  VERIFICACIÓN DE LOCAL POR TRASLADO DE IE PRIVADA SANTO DOMINGO', 'AUTORIZADO', 'AUTORIZADO', '2020-02-13 08:48:40', 'MENDOZA GUERRERO, MARINA CLEOFÉ', NULL, 'ACTIVO', '2020-02-13 13:47:29', '2020-02-13 13:48:40'),
(303, 32, 3, '2020-02-13 09:45:00', '2020-02-13 12:30:00', 'REUNIÓN DE TRABAJO CON LOS MIEMBROS DE LA MESA TEMÁTICA DE PERSONAS CON DISCAPACIDAD: ELABORACIÓN DEL PLAN DE TRABAJO,', 'AUTORIZADO', 'AUTORIZADO', '2020-02-13 09:39:42', 'MENDOZA GUERRERO, MARINA CLEOFÉ', NULL, 'ACTIVO', '2020-02-13 14:32:16', '2020-02-13 14:39:42'),
(304, 34, 3, '2020-02-13 09:40:00', '2020-02-13 10:30:00', 'VERIFICACIÓN DE LOCAL PARA LA CREACIÓN DE LA II.EE \"FLEMIG KISD\"', 'AUTORIZADO', 'AUTORIZADO', '2020-02-13 09:40:02', 'MENDOZA GUERRERO, MARINA CLEOFÉ', NULL, 'ACTIVO', '2020-02-13 14:38:01', '2020-02-13 14:40:02'),
(305, 36, 3, '2020-02-13 13:55:00', '2020-02-13 15:55:00', 'REUNIÓN EN LA UGEL HUAMANGA SOBRE CASOS REPORTADOS AL SISEVE', 'AUTORIZADO', 'AUTORIZADO', '2020-02-13 11:58:58', 'MENDOZA GUERRERO, MARINA CLEOFÉ', NULL, 'ACTIVO', '2020-02-13 16:58:07', '2020-02-13 16:58:58'),
(306, 102, 2, '2020-02-13 01:00:00', '2020-02-13 04:00:00', 'CITA MEDICA EN ESSALUD EN EL SERVICIO DE REHABILITACIÓN', 'AUTORIZADO', 'OK', '2020-02-13 12:24:13', 'BONIFACIO ROJAS, CÉSAR SALOMÓN', NULL, 'ACTIVO', '2020-02-13 17:20:54', '2020-02-13 17:24:13'),
(307, 82, 1, '2020-02-13 15:54:00', '2020-02-13 17:54:00', 'ACOMPAÑAMIENTO AL ESSALUD A SU MADRE', 'EN ESPERA', NULL, NULL, NULL, NULL, 'ACTIVO', '2020-02-13 19:58:10', '2020-02-13 19:58:10'),
(308, 61, 3, '2020-02-13 15:15:00', '2020-02-13 16:30:00', 'REALIZAR COTIZACIONES DIVERSAS', 'EN ESPERA', NULL, NULL, NULL, NULL, 'SUSPENDIDO', '2020-02-13 20:06:58', '2020-02-13 20:56:03'),
(309, 43, 4, '2020-02-14 08:00:00', '2020-02-14 11:00:00', 'DESARROLLO DEL TALLER CON DOCENTES', 'AUTORIZADO', 'OK', '2020-02-14 07:58:03', 'VILLANUEVA PARIONA, ROLANDO', NULL, 'ACTIVO', '2020-02-14 12:57:12', '2020-02-14 12:58:03'),
(310, 32, 3, '2020-02-14 08:50:00', '2020-02-14 13:00:00', 'PARTICIPACIÓN EN LA SOCIALIZACIÓN DEL PROTOCOLO DE INGRESO AL COAR- POSTULACIÓN DE NIÑOS CON DISCAPACIDAD.', 'AUTORIZADO', 'AUTORIZADO', '2020-02-14 08:39:15', 'MENDOZA GUERRERO, MARINA CLEOFÉ', NULL, 'ACTIVO', '2020-02-14 13:37:23', '2020-02-14 13:39:15'),
(311, 61, 4, '2020-02-14 09:30:00', '2020-02-14 10:30:00', 'REALIZAR COTIZACIONES', 'AUTORIZADO', 'SE AUTORIZA SU SALIDA PARA REALIZAR COTIZACIONES', '2020-02-14 09:36:41', 'VARGAS FLORES, WILDER', NULL, 'ACTIVO', '2020-02-14 14:34:57', '2020-02-14 14:36:41'),
(312, 83, 3, '2020-02-14 10:00:00', '2020-02-14 11:15:00', 'COORDINACIÓN CON OPMI DEL GRA-INCORPORACIÓN DE IDEAS', 'AUTORIZADO', 'OK', '2020-02-14 09:39:39', 'ESPINO MENDEZ, SANTIAGO', NULL, 'ACTIVO', '2020-02-14 14:38:13', '2020-02-14 14:39:39'),
(313, 42, 1, '2020-02-14 10:00:00', '2020-02-14 12:00:00', 'TRÁMITE PARTICULARES', 'AUTORIZADO', 'AUTORIZADO', '2020-02-14 09:51:29', 'MENDOZA GUERRERO, MARINA CLEOFÉ', NULL, 'ACTIVO', '2020-02-14 14:50:25', '2020-02-14 14:51:29'),
(314, 34, 3, '2020-02-14 10:10:00', '2020-02-14 11:00:00', 'VERIFICACIÓN DE LOCAL PARA LA CREACIÓN DE II.EE PARTICULAR \"LA CASITA DE MICKY\"', 'AUTORIZADO', 'AUTORIZADO', '2020-02-14 10:05:50', 'MENDOZA GUERRERO, MARINA CLEOFÉ', NULL, 'ACTIVO', '2020-02-14 15:05:03', '2020-02-14 15:05:50'),
(315, 53, 3, '2020-02-14 10:00:00', '2020-02-14 13:00:00', 'A NOTIFICAR PARA EL COBRO DE CHEQUES DE SENTENCIAS JUDICIALES 2019', 'AUTORIZADO', 'OK', '2020-02-14 10:12:17', 'NAVARRO PALOMINO, MARIA LOURDES', NULL, 'ACTIVO', '2020-02-14 15:11:06', '2020-02-14 15:12:17'),
(316, 90, 4, '2020-02-14 11:20:00', '2020-02-14 12:15:00', 'COORDINACIÓN DE ACTIVIDADES Y SUPERVISAR  EL AVANCE EN EL ARCHIVO CENTRAL.', 'AUTORIZADO', 'OK', '2020-02-14 10:51:07', 'RAMOS RÍOS, JESÚS MIGUEL', NULL, 'ACTIVO', '2020-02-14 15:49:23', '2020-02-14 15:51:07'),
(317, 68, 3, '2020-02-14 11:30:00', '2020-02-14 12:15:00', 'COORDINACION SOBRE LIQUIDACIÓN DE OBRA INSTITUTOS SUPERIORES', 'AUTORIZADO', 'OK', '2020-02-14 11:25:09', 'CASMA PINTO, ROXANA ELIZABETH', NULL, 'ACTIVO', '2020-02-14 16:24:29', '2020-02-14 16:25:09'),
(318, 102, 2, '2020-02-17 06:30:00', '2020-02-17 08:50:00', 'MED. TE.FÍSICA - SESIÓN DE TERAP. INDVI.', 'AUTORIZADO', 'OK', '2020-02-14 17:30:17', 'BONIFACIO ROJAS, CÉSAR SALOMÓN', NULL, 'ACTIVO', '2020-02-14 21:15:13', '2020-02-14 22:30:17'),
(319, 69, 1, '2020-02-14 15:00:00', '2020-02-14 16:05:00', 'ASUNTOS FAMILIARES', 'AUTORIZADO', 'AUTORIZADO', '2020-02-14 16:17:15', 'CASMA PINTO, ROXANA ELIZABETH', NULL, 'ACTIVO', '2020-02-14 21:15:52', '2020-02-14 21:17:15'),
(320, 64, 3, '2020-02-14 04:30:00', '2020-02-14 05:30:00', 'A UGEL HGA. PARA COORDINAR ASUNTOS DE MANTENIMIENTO.', 'AUTORIZADO', 'AUTORIZADO', '2020-02-14 16:32:43', 'CASMA PINTO, ROXANA ELIZABETH', NULL, 'ACTIVO', '2020-02-14 21:29:53', '2020-02-14 21:32:43'),
(321, 43, 4, '2020-02-17 09:00:00', '2020-02-17 18:00:00', 'DESARROLLO DEL TALLER CON ESPECIALISTAS DE LA UGEL HUAMANGA', 'AUTORIZADO', 'OK', '2020-02-17 08:50:21', 'VILLANUEVA PARIONA, ROLANDO', NULL, 'ACTIVO', '2020-02-17 13:49:35', '2020-02-17 13:50:21'),
(322, 42, 4, '2020-02-17 10:30:00', '2020-02-17 12:00:00', 'COORDINACIONES CARNAVAL, MUNICIPALIDAD DE HUAMANGA', 'AUTORIZADO', 'AUTORIZADO', '2020-02-17 10:24:55', 'MENDOZA GUERRERO, MARINA CLEOFÉ', NULL, 'ACTIVO', '2020-02-17 15:21:49', '2020-02-17 15:24:55'),
(323, 89, 1, '2020-02-17 12:20:00', '2020-02-17 13:00:00', 'VISITA AL COLEGIO DE MI MENOR HIJA', 'EN ESPERA', NULL, NULL, NULL, NULL, 'SUSPENDIDO', '2020-02-17 17:16:52', '2020-03-02 15:08:46'),
(324, 61, 4, '2020-02-17 15:15:00', '2020-02-17 16:30:00', 'REALIZAR COTIZACIONES Y NOTIFICAR ORDEN', 'EN ESPERA', NULL, NULL, NULL, NULL, 'SUSPENDIDO', '2020-02-17 20:14:23', '2020-02-17 23:35:52'),
(325, 52, 4, '2020-02-17 16:00:00', '2020-02-17 17:15:00', 'SUNAT CONSULTA SOBRE RETENCIONES-DETRACCION Y RENTAS DE CUARTA CATEGORIA', 'EN ESPERA', NULL, NULL, NULL, NULL, 'SUSPENDIDO', '2020-02-17 20:55:46', '2020-02-17 20:57:06'),
(326, 52, 3, '2020-02-17 16:00:00', '2020-02-17 17:15:00', 'SUNAT CONSULTA SOBRE RETENCIONES-DETRACCION Y RENTAS DE CUARTA CATEGORIA', 'AUTORIZADO', 'OK', '2020-02-17 16:11:19', 'CASMA PINTO, ROXANA ELIZABETH', NULL, 'ACTIVO', '2020-02-17 20:56:51', '2020-02-17 21:11:19'),
(327, 13, 1, '2020-02-17 16:20:00', '2020-02-17 17:21:00', 'REUNION PARTICULAR', 'AUTORIZADO', 'OK', '2020-02-17 16:25:31', 'RAMOS RÍOS, JESÚS MIGUEL', NULL, 'ACTIVO', '2020-02-17 21:21:38', '2020-02-17 21:25:31'),
(328, 93, 2, '2020-02-18 07:30:00', '2020-02-18 08:30:00', 'CITA MEDICA', 'AUTORIZADO', 'OK', '2020-02-17 16:52:20', 'RAMOS RÍOS, JESÚS MIGUEL', NULL, 'ACTIVO', '2020-02-17 21:50:37', '2020-02-17 21:52:20'),
(329, 70, 4, '2020-02-18 08:15:00', '2020-02-18 10:05:00', 'CITA EN ESSALUD', 'AUTORIZADO', 'OK', '2020-02-18 07:54:34', 'BENDEZÚ PRADO, SONIA', NULL, 'ACTIVO', '2020-02-18 12:52:56', '2020-02-18 12:54:34'),
(330, 90, 2, '2020-02-18 08:40:00', '2020-02-18 10:30:00', 'CITA MEDICA EN ESSALUD AYACUCHO', 'AUTORIZADO', 'OK', '2020-02-18 08:12:45', 'RAMOS RÍOS, JESÚS MIGUEL', NULL, 'ACTIVO', '2020-02-18 13:09:44', '2020-02-18 13:12:45'),
(331, 69, 7, '2020-02-18 09:30:00', '2020-02-18 13:33:00', 'TALLER DE VALIDACION DE DIAGNOSTICO D ELOS PROCESOS EN EL MARCO D ELA FORMULACION DE LINEAMIENTOS DE BIENES Y SERVICIOS', 'AUTORIZADO', 'OK', '2020-02-18 09:11:13', 'CASMA PINTO, ROXANA ELIZABETH', NULL, 'ACTIVO', '2020-02-18 14:10:52', '2020-02-18 14:11:13'),
(332, 68, 3, '2020-02-18 09:20:00', '2020-02-18 12:30:00', 'CULMINAR CON LABORES DE INVENTARIOS EN  LA ESBA FELIPE GUAMAN POMA DE AYALA', 'AUTORIZADO', 'OK', '2020-02-18 09:15:09', 'BARRON MUNAILLA, MAURA', NULL, 'ACTIVO', '2020-02-18 14:13:51', '2020-02-18 14:15:09'),
(333, 54, 4, '2020-02-18 09:20:00', '2020-02-18 13:00:00', 'PARTICIPACIÓN EN EL TALLER DE VALIDACIÓN-AGRICULTURA', 'AUTORIZADO', 'PARA SU PARTICIPACION', '2020-02-18 09:18:11', 'CASMA PINTO, ROXANA ELIZABETH', NULL, 'ACTIVO', '2020-02-18 14:16:49', '2020-02-18 14:18:11'),
(334, 61, 3, '2020-02-18 09:30:00', '2020-02-18 11:30:00', 'NOTIFICAR ORDENES Y REALIZAR COTIZACIONES', 'AUTORIZADO', 'PARA SU ATENCION', '2020-02-18 09:18:44', 'CASMA PINTO, ROXANA ELIZABETH', NULL, 'ACTIVO', '2020-02-18 14:17:56', '2020-02-18 14:18:44'),
(335, 103, 7, '2020-02-18 09:30:00', '2020-02-18 15:00:00', 'TALLER DE \"LINEAMIENTOS PARA LA ELABORACIÓN DE MODELOS DE PROVISIÓN DE BIENES Y SERVICIOS\"', 'AUTORIZADO', 'OK', '2020-02-18 09:34:46', 'ESPINO MENDEZ, SANTIAGO', NULL, 'ACTIVO', '2020-02-18 14:31:12', '2020-02-18 14:34:46'),
(336, 8, 2, '2020-02-18 10:45:00', '2020-02-18 12:45:00', 'CITA ESSALUD', 'AUTORIZADO', 'OK', '2020-02-18 10:46:09', 'RAMOS RÍOS, JESÚS MIGUEL', NULL, 'ACTIVO', '2020-02-18 15:41:29', '2020-02-18 15:46:09'),
(337, 3, 3, '2020-02-18 11:00:00', '2020-02-18 11:30:00', 'CONECTAMEF', 'AUTORIZADO', 'OK', '2020-02-18 10:55:48', 'RAMOS RÍOS, JESÚS MIGUEL', NULL, 'ACTIVO', '2020-02-18 15:54:46', '2020-02-18 15:55:48'),
(338, 11, 3, '2020-02-18 11:00:00', '2020-02-18 12:00:00', 'CONSULTAS AL CONECTAMEF', 'AUTORIZADO', 'OK', '2020-02-18 10:55:39', 'RAMOS RÍOS, JESÚS MIGUEL', NULL, 'ACTIVO', '2020-02-18 15:55:25', '2020-02-18 15:55:39'),
(339, 5, 1, '2020-02-18 16:00:00', '2020-02-18 16:50:00', 'TRÁMITES EN CAJA HUANCAYO', 'AUTORIZADO', 'OK', '2020-02-18 16:05:18', 'HUAMANCUSI CAMPOS, YIMY DAVID', NULL, 'ACTIVO', '2020-02-18 21:01:03', '2020-02-18 21:05:18'),
(340, 51, 2, '2020-12-02 08:30:00', '2020-12-02 10:00:00', 'CITA ESSALUD', 'AUTORIZADO', 'BIEN', '2020-02-19 08:09:15', 'RAMOS CAMPOS, FRANCISCO', NULL, 'ACTIVO', '2020-02-19 13:06:03', '2020-02-19 13:09:15'),
(341, 62, 3, '2020-02-19 08:30:00', '2020-02-19 17:30:00', 'RECEPCIÓN DE BIENES QUE ESTÁN DE BAJA DEL IESP\"NITRA SEÑORA DE LO URDES\"', 'AUTORIZADO', 'OK', '2020-02-19 08:24:13', 'CASMA PINTO, ROXANA ELIZABETH', NULL, 'ACTIVO', '2020-02-19 13:21:53', '2020-02-19 13:24:13'),
(342, 53, 3, '2020-02-19 09:00:00', '2020-02-19 11:30:00', 'A EPSASA Y ELECTROCENTRO A ENTREGAR CHEQUES , Y HACER LA COMPRA CON CAJA CHICA', 'AUTORIZADO', 'BIEN', '2020-02-19 08:51:24', 'RAMOS CAMPOS, FRANCISCO', NULL, 'ACTIVO', '2020-02-19 13:47:59', '2020-02-19 13:51:24'),
(343, 28, 3, '2020-02-19 09:10:00', '2020-02-19 11:00:00', 'VERIFICACIÒN IN SITU DE INFRAESTRUCTURA DEL IEST PRIVADO \"CRISTO REY\"', 'AUTORIZADO', 'AUTORIZADO', '2020-02-19 09:08:20', 'MENDOZA GUERRERO, MARINA CLEOFÉ', NULL, 'ACTIVO', '2020-02-19 14:04:27', '2020-02-19 14:08:20'),
(344, 61, 4, '2020-02-19 09:40:00', '2020-02-19 11:00:00', 'REALIZAR RECLAMO DE RECIBO DE TELEFONÍA FIJA Y NOTIFICAR ORDENES', 'AUTORIZADO', 'SE AUTORIZA SU SALIDA PARA REALIZAR RECLAMO DE RECIBO DE TELEFONÍA FIJA Y NOTIFICAR ORDENES', '2020-02-19 09:41:05', 'VARGAS FLORES, WILDER', NULL, 'ACTIVO', '2020-02-19 14:39:46', '2020-02-19 14:41:05'),
(345, 64, 3, '2020-02-19 10:00:00', '2020-02-19 11:00:00', 'VISITA AL LOCAL DE LA CREACIÓN DE LA IEI  PRIVADA  \"LICEO SCHOOL\" A VERIFICAR LA INFRAESTRUCTURA', 'AUTORIZADO', 'OK', '2020-02-19 09:44:19', 'CASMA PINTO, ROXANA ELIZABETH', NULL, 'ACTIVO', '2020-02-19 14:42:16', '2020-02-19 14:44:19'),
(346, 75, 3, '2020-02-19 10:20:00', '2020-02-19 11:20:00', 'SUB GERENCIA DE PLANEAMIENTO', 'AUTORIZADO', 'OK', '2020-02-19 10:22:02', 'ESPINO MENDEZ, SANTIAGO', NULL, 'ACTIVO', '2020-02-19 15:20:58', '2020-02-19 15:22:02'),
(347, 8, 6, '2020-02-19 15:00:00', '2020-02-19 17:00:00', 'UNSCH', 'AUTORIZADO', 'AUTORIZADO', '2020-02-19 13:05:13', 'MENDOZA ORE, ROSALÍA ESTHER', NULL, 'ACTIVO', '2020-02-19 17:52:57', '2020-02-19 18:05:13'),
(348, 68, 3, '2020-02-19 15:20:00', '2020-02-19 16:20:00', 'OFICINA DE CONTROL PATRIMONIAL  DEL GOBIERNO REGIONAL  PRESENTAR INFORMACIÓN', 'AUTORIZADO', 'OK', '2020-02-19 15:13:38', 'BARRON MUNAILLA, MAURA', NULL, 'ACTIVO', '2020-02-19 20:12:44', '2020-02-19 20:13:38'),
(349, 29, 1, '2020-02-19 16:30:00', '2020-02-19 17:30:00', 'TRÁMITE EN EL BANCO DE LA NACIÓN', 'AUTORIZADO', 'OK', '2020-02-19 15:55:52', 'VILLANUEVA PARIONA, ROLANDO', NULL, 'ACTIVO', '2020-02-19 20:55:16', '2020-02-19 20:55:52'),
(350, 40, 3, '2020-02-20 08:00:00', '2020-02-20 13:00:00', 'MONITOREO AL PROCESO DE SELECCIÓN DE PERSONAL CAS PARA COORDINADORES RER Y ADQUISICIÓN DE EQUIPOS EN UGEL HUAMANGA.', 'AUTORIZADO', 'OK', '2020-02-20 07:36:21', 'VILLANUEVA PARIONA, ROLANDO', NULL, 'ACTIVO', '2020-02-20 12:34:22', '2020-02-20 12:36:21'),
(351, 83, 3, '2020-02-20 08:00:00', '2020-02-20 10:00:00', 'COORDINACIÓN CON OREI DEL GRA', 'AUTORIZADO', 'OK', '2020-02-20 07:44:04', 'ESPINO MENDEZ, SANTIAGO', NULL, 'ACTIVO', '2020-02-20 12:43:17', '2020-02-20 12:44:04'),
(352, 62, 3, '2020-02-20 09:00:00', '2020-02-20 17:31:00', 'AL IESPP\"NUESTRA SEÑORA DE LOURDES\"', 'AUTORIZADO', 'OK}', '2020-02-20 08:02:49', 'CASMA PINTO, ROXANA ELIZABETH', NULL, 'ACTIVO', '2020-02-20 12:49:06', '2020-02-20 13:02:49'),
(353, 37, 3, '2020-02-20 08:30:00', '2020-02-20 10:00:00', 'OREI  OFICINA DE ESTUDIOS DEL GRA IMPLEMENTACION DE UN  IOAR PARA  ATENCIÓN DE EMERGENCIA  COCAS.', 'AUTORIZADO', 'OK', '2020-02-20 07:59:54', 'VILLANUEVA PARIONA, ROLANDO', NULL, 'ACTIVO', '2020-02-20 12:55:10', '2020-02-20 12:59:54'),
(354, 43, 4, '2020-02-20 08:00:00', '2020-02-20 16:00:00', 'DESARROLLO DE TALLER CON DIRECTORES DE LA UGEL HUAMANGA SOBRE ELABORACIÓN DEL PEI Y PAT', 'AUTORIZADO', 'EVIDENCIAR CON FOTOS PARA INFORME', '2020-02-20 07:58:52', 'VILLANUEVA PARIONA, ROLANDO', NULL, 'ACTIVO', '2020-02-20 12:57:55', '2020-02-20 12:58:52'),
(355, 38, 3, '2020-02-20 08:45:00', '2020-02-20 10:00:00', 'VISITA DE VERIFICACIÓN DE QUEJA AL IESP \"CUNA DE LA LIBERTAD AMARICANA - CLAM\"', 'AUTORIZADO', 'SE AUTORIZA SU SALIDA', '2020-02-20 08:31:07', 'VILLANUEVA PARIONA, ROLANDO', NULL, 'ACTIVO', '2020-02-20 13:30:24', '2020-02-20 13:31:07'),
(356, 68, 3, '2020-02-20 10:30:00', '2020-02-20 11:30:00', 'ENTREGA DE INVENTARIO INSTITUCIONAL Y ORIENTACIÓN', 'AUTORIZADO', 'OK', '2020-02-20 08:35:37', 'BARRON MUNAILLA, MAURA', NULL, 'ACTIVO', '2020-02-20 13:32:27', '2020-02-20 13:35:37'),
(357, 51, 2, '2020-02-20 09:30:00', '2020-02-20 10:30:00', 'CITA MEDICA ESSALUD', 'AUTORIZADO', 'OK', '2020-02-20 09:12:19', 'NAVARRO PALOMINO, MARIA LOURDES', NULL, 'ACTIVO', '2020-02-20 13:57:26', '2020-02-20 14:12:19'),
(358, 50, 3, '2020-02-20 09:30:00', '2020-02-20 12:30:00', 'SACAR COPIAS DE COMPROBANTES DE PAGO EN LA OFICINA DE CONSTANCIAS DE PAGO', 'AUTORIZADO', 'OK', '2020-02-20 09:12:09', 'NAVARRO PALOMINO, MARIA LOURDES', NULL, 'ACTIVO', '2020-02-20 14:02:31', '2020-02-20 14:12:09'),
(359, 35, 4, '2020-02-20 10:00:00', '2020-02-20 11:00:00', 'VERIFICACION DE LOCAL DE IE PRIVADO MY HAPPY WORLD', 'AUTORIZADO', 'SE AUTORIZA SU SALIDA', '2020-02-20 09:57:31', 'VILLANUEVA PARIONA, ROLANDO', NULL, 'ACTIVO', '2020-02-20 14:48:18', '2020-02-20 14:57:31'),
(360, 93, 4, '2020-02-21 07:30:00', '2020-02-21 08:30:00', 'CITA MEDICA', 'AUTORIZADO', 'AUTORIZADO', '2020-02-20 15:04:44', 'MENDOZA ORE, ROSALÍA ESTHER', NULL, 'ACTIVO', '2020-02-20 20:01:39', '2020-02-20 20:04:44'),
(361, 5, 2, '2020-02-20 15:30:00', '2020-02-20 16:30:00', 'CITA MEDICA  EN ESSALUD (ECOGRAFÍA, RASTREO B Y/O EN TIEMPO REAL CON DOCUMENTO DE LA IMAGEN) RODILLA DERECHA.', 'AUTORIZADO', 'AUTORIZADO', '2020-02-20 15:30:22', 'MENDOZA ORE, ROSALÍA ESTHER', NULL, 'ACTIVO', '2020-02-20 20:28:01', '2020-02-20 20:30:22'),
(362, 53, 3, '2020-02-20 15:35:00', '2020-02-20 17:00:00', 'A LA OFICINA DE CONSTANCIA DE PAGOS Y ARCHIVO CENTRAL POR CPS DE AFP INTEGRA, DE LA PROCURADURIA', 'AUTORIZADO', 'AUTORIZADO', '2020-02-20 15:30:51', 'MENDOZA ORE, ROSALÍA ESTHER', NULL, 'ACTIVO', '2020-02-20 20:29:11', '2020-02-20 20:30:51'),
(363, 50, 3, '2020-02-20 03:30:00', '2020-02-20 05:58:00', 'EXTRACCIÓN DE COMPROBANTES DE PAGO SOBRE AFP INTEGRA REQUERIDO POR LA PROCURADURIA', 'AUTORIZADO', 'AUTORIZADO', '2020-02-20 15:31:03', 'MENDOZA ORE, ROSALÍA ESTHER', NULL, 'ACTIVO', '2020-02-20 20:29:17', '2020-02-20 20:31:03'),
(364, 62, 4, '2020-02-21 09:00:00', '2020-02-21 17:00:00', 'IESPP \"NUESTRA SEÑORA DE LOURDES\" DE SANTA ELENA', 'AUTORIZADO', 'OK', '2020-02-21 07:48:44', 'CASMA PINTO, ROXANA ELIZABETH', NULL, 'ACTIVO', '2020-02-21 12:46:53', '2020-02-21 12:48:44'),
(365, 43, 4, '2020-02-21 08:00:00', '2020-02-21 16:00:00', 'DESARROLLO DEL TALLER CON DIRECTORES SOBRE GESTIÓN ESCOLAR', 'AUTORIZADO', 'OK', '2020-02-21 07:52:50', 'VILLANUEVA PARIONA, ROLANDO', NULL, 'ACTIVO', '2020-02-21 12:51:59', '2020-02-21 12:52:50'),
(366, 34, 4, '2020-02-21 08:00:00', '2020-02-21 15:00:00', 'FACILITADORA DEL TALLER PARA DIRECTORES DE LA UGEL-HUAMANGA', 'AUTORIZADO', 'OK', '2020-02-21 07:57:21', 'VILLANUEVA PARIONA, ROLANDO', NULL, 'ACTIVO', '2020-02-21 12:56:38', '2020-02-21 12:57:21'),
(367, 35, 4, '2020-02-21 08:00:00', '2020-02-21 15:00:00', 'FACILITAR TALLER DE DIRECTORES DE PEI Y PAT - UGEL HUAMANGA', 'AUTORIZADO', 'OK', '2020-02-21 07:58:39', 'VILLANUEVA PARIONA, ROLANDO', NULL, 'ACTIVO', '2020-02-21 12:57:48', '2020-02-21 12:58:39'),
(368, 62, 3, '2020-02-21 09:00:00', '2020-02-21 17:00:00', 'IEPP\"NUESTRA SEÑORA DE LOURDES\"', 'AUTORIZADO', 'OK', '2020-02-21 08:08:02', 'CASMA PINTO, ROXANA ELIZABETH', NULL, 'ACTIVO', '2020-02-21 13:06:23', '2020-02-21 13:08:02'),
(369, 34, 4, '2020-02-21 08:15:00', '2020-02-21 12:30:00', 'REUNIÓN DE TRABAJO CON EL GRUPO IMPULSOR DEL PROYECTO EDUCATIVO NACIONAL AL 2036 - AUDITORIO CLAM.', 'EN ESPERA', NULL, NULL, NULL, NULL, 'SUSPENDIDO', '2020-02-21 13:08:05', '2020-02-21 13:12:23'),
(370, 32, 4, '2020-02-21 08:20:00', '2020-02-21 12:30:00', 'REUNIÓN DE TRABAJO CON EL GRUPO IMPULSOR DEL PROYECTO EDUCATIVO NACIONAL AL 2036 CON EL CONSEJO NACIONAL EDUCATIVO- CLAM', 'AUTORIZADO', 'SE AUTORIZA SU SALIDA', '2020-02-21 08:18:42', 'VILLANUEVA PARIONA, ROLANDO', NULL, 'ACTIVO', '2020-02-21 13:16:35', '2020-02-21 13:18:42'),
(371, 83, 3, '2020-02-21 09:30:00', '2020-02-21 11:30:00', 'COORDINACIÓN CON LA OFICINA REGIONAL DE ESTUDIOS E INVESTIGACIÓN DEL GRA', 'AUTORIZADO', 'OK', '2020-02-21 09:37:23', 'ESPINO MENDEZ, SANTIAGO', NULL, 'ACTIVO', '2020-02-21 13:56:49', '2020-02-21 14:37:23'),
(372, 37, 3, '2021-02-21 09:10:00', '2021-02-21 10:20:00', 'GERENCIA DE ESTUDIOS DEL GRA', 'AUTORIZADO', 'OK', '2020-02-21 09:09:30', 'VILLANUEVA PARIONA, ROLANDO', NULL, 'ACTIVO', '2020-02-21 14:08:25', '2020-02-21 14:09:30'),
(373, 82, 4, '2020-02-21 09:46:00', '2020-02-21 13:45:00', 'PROYECTO EDUCATIVO REGIONAL DE AYACUCHO', 'AUTORIZADO', 'OK', '2020-02-21 09:52:12', 'ESPINO MENDEZ, SANTIAGO', NULL, 'ACTIVO', '2020-02-21 14:47:18', '2020-02-21 14:52:12'),
(374, 40, 4, '2020-02-21 10:20:00', '2020-02-21 12:30:00', 'REUNION DE TRABAJO CON GRUPO IMPULSOR DEL PEN AL 2036 POR CONSEJO NACIONAL DE EDUCACIÓN', 'AUTORIZADO', 'OK', '2020-02-21 10:28:26', 'VILLANUEVA PARIONA, ROLANDO', NULL, 'ACTIVO', '2020-02-21 15:25:46', '2020-02-21 15:28:26'),
(375, 17, 1, '2020-02-21 12:00:00', '2020-02-21 13:00:00', 'PARTICULAR', 'AUTORIZADO', 'OK', '2020-02-21 12:15:19', 'RAMOS RÍOS, JESÚS MIGUEL', NULL, 'ACTIVO', '2020-02-21 16:59:08', '2020-02-21 17:15:19'),
(376, 8, 2, '2020-02-21 15:00:00', '2020-02-21 17:00:00', 'ESSALUD', 'AUTORIZADO', 'OK', '2020-02-21 13:03:05', 'RAMOS RÍOS, JESÚS MIGUEL', NULL, 'ACTIVO', '2020-02-21 18:02:02', '2020-02-21 18:03:05'),
(377, 56, 9, '2020-02-24 09:00:00', '2020-02-24 11:30:00', 'AUDIENCIA  FISCALIA PROVINCIAL DE HUAMANGA', 'AUTORIZADO', 'SE AUTORIZA SU SALIDA PARA ASISTIR A LA AUDIENCIA FISCALIA PROVINCIAL DE HUAMANGA', '2020-02-24 07:59:26', 'VARGAS FLORES, WILDER', NULL, 'ACTIVO', '2020-02-24 12:56:58', '2020-02-24 12:59:26'),
(378, 3, 3, '2020-02-24 08:10:00', '2020-02-24 10:00:00', 'INSTALAR COMITE DE EVALUACIÓN - IESTP MAHP', 'AUTORIZADO', 'AUTORIZADO', '2020-02-24 08:16:58', 'MENDOZA ORE, ROSALÍA ESTHER', NULL, 'ACTIVO', '2020-02-24 13:09:12', '2020-02-24 13:16:58'),
(379, 27, 3, '2020-02-24 09:59:00', '2020-02-24 12:00:00', 'PARTICIPACIÓN EN EL TALLER SOBRE LA ENTREVISTA  A ALUMNOS DEL COAR', 'AUTORIZADO', 'OK', '2020-02-24 08:48:03', 'VILLANUEVA PARIONA, ROLANDO', NULL, 'ACTIVO', '2020-02-24 13:45:33', '2020-02-24 13:48:03'),
(380, 34, 4, '2020-02-24 09:30:00', '2020-02-24 11:00:00', 'COMISIÓN DE SERVICIO PEDAGOGO NUESTRA SEÑORA LOURDES', 'AUTORIZADO', 'SE AUTORIZA SU SALIDA', '2020-02-24 09:23:22', 'VILLANUEVA PARIONA, ROLANDO', NULL, 'ACTIVO', '2020-02-24 14:22:18', '2020-02-24 14:23:22'),
(381, 30, 3, '2020-02-24 09:30:00', '2020-02-24 15:30:00', 'MAPEO DE II EE PARA  ESTUDIANTES DE LA I.E. \"NUESTRA SEÑORA DE LOURDES\"\r\n\r\nVISITA A 02 II.EE. PRIVADAS', 'AUTORIZADO', 'OK', '2020-02-24 09:25:18', 'VILLANUEVA PARIONA, ROLANDO', NULL, 'ACTIVO', '2020-02-24 14:24:18', '2020-02-24 14:25:18'),
(382, 33, 3, '2020-02-24 09:30:00', '2020-02-24 13:00:00', 'COMISIÓN DE SERVICIO A LA IE NUESTRA SEÑORA DE LOURDES E IIEE ALEDAÑAS (SOBRE TRASLADO DE ESTUDIANTES)', 'AUTORIZADO', 'OK', '2020-02-24 09:27:22', 'VILLANUEVA PARIONA, ROLANDO', NULL, 'ACTIVO', '2020-02-24 14:26:12', '2020-02-24 14:27:22'),
(383, 3, 3, '2020-02-25 08:00:00', '2020-02-25 12:00:00', 'EVALUACION DE EXPEDIENTES IESTP MANUEL ANTONIO HIERRO POZO\"', 'AUTORIZADO', 'AUTORIZADO', '2020-02-25 08:04:36', 'MENDOZA ORE, ROSALÍA ESTHER', NULL, 'ACTIVO', '2020-02-25 12:54:26', '2020-02-25 13:04:36'),
(384, 52, 3, '2020-02-25 09:00:00', '2020-02-25 11:00:00', 'CONVOCATORIA A UNA REUNIÓN EN LA OFICINA DE PRESUPUESTO DEL GOBIERNO REGIONAL.', 'AUTORIZADO', 'OK', '2020-02-25 09:05:08', 'CASMA PINTO, ROXANA ELIZABETH', NULL, 'ACTIVO', '2020-02-25 13:46:46', '2020-02-25 14:05:08'),
(385, 2, 1, '2020-02-25 09:00:00', '2020-02-25 11:00:00', 'TRÁMITE DOCUMENTARIO PERSONAL.', 'AUTORIZADO', 'AUTORIZADO', '2020-02-25 08:48:20', 'MENDOZA ORE, ROSALÍA ESTHER', NULL, 'ACTIVO', '2020-02-25 13:46:54', '2020-02-25 13:48:20'),
(386, 29, 3, '2020-02-25 09:02:00', '2020-02-25 11:00:00', 'SOCIALIZACIÓN DE INSTRUMENTOS DE GESTIÓN Y EL ENFOQUE AMBIENTAL', 'AUTORIZADO', 'AUTORIZADO', '2020-02-25 09:04:47', 'MENDOZA GUERRERO, MARINA CLEOFÉ', NULL, 'ACTIVO', '2020-02-25 14:03:42', '2020-02-25 14:04:47'),
(387, 52, 4, '2020-02-26 08:15:00', '2020-02-26 11:00:00', 'ES SALUD.- CITA MEDICA  POR ESTAR MAL DE SALUD Y EXÁMENES  DE ELECTROCARDIOGRAMA Y AUXILIARES', 'EN ESPERA', NULL, NULL, NULL, NULL, 'SUSPENDIDO', '2020-02-26 12:55:31', '2020-02-26 12:56:37'),
(388, 52, 2, '2020-02-26 08:15:00', '2020-02-26 11:00:00', 'HOSPITAL DE ESASALUD  POR CITA MEDICA, POR ESTAR MAL DE SALUD; EXÁMENES: LABORATORIO, ELECTROCARDIOGRAMA Y OTROS.', 'AUTORIZADO', 'OK', '2020-02-26 08:29:33', 'CASMA PINTO, ROXANA ELIZABETH', NULL, 'ACTIVO', '2020-02-26 12:59:29', '2020-02-26 13:29:33'),
(389, 34, 4, '2020-02-26 08:20:00', '2020-02-26 10:00:00', 'VISITA PARA LA CREACIÓN  A LA I.E. PARTICULAR  \"SAN BENITO\"', 'AUTORIZADO', 'OK ; EVIDENCIAR CON FOTOGRAFIAS', '2020-02-26 08:08:18', 'VILLANUEVA PARIONA, ROLANDO', NULL, 'ACTIVO', '2020-02-26 13:06:20', '2020-02-26 13:08:18');
INSERT INTO `leaves` (`id`, `user_id`, `leavetype_id`, `fh_from`, `fh_to`, `description`, `resp_status`, `resp_msg`, `resp_chdate`, `resp_name`, `isread`, `status`, `created_at`, `updated_at`) VALUES
(390, 3, 3, '2020-02-26 09:00:00', '2020-02-26 12:00:00', 'COMISION DE SERVICIO', 'AUTORIZADO', 'AUTORIZADO', '2020-02-26 09:06:57', 'MENDOZA ORE, ROSALÍA ESTHER', NULL, 'ACTIVO', '2020-02-26 13:54:17', '2020-02-26 14:06:57'),
(391, 40, 3, '2020-02-27 08:10:00', '2020-02-27 11:30:00', 'MONITOREO A ACTIVIDADES PRE BIAE 2020 EN LA UGEL HUAMANGA', 'AUTORIZADO', 'OK', '2020-02-27 07:40:44', 'VILLANUEVA PARIONA, ROLANDO', NULL, 'ACTIVO', '2020-02-27 12:39:27', '2020-02-27 12:40:44'),
(392, 62, 4, '0220-02-27 09:00:00', '0220-02-27 17:00:00', 'LEVANTAMIENTO DEL INVENTARIO DEL IEPP \"NUESTRA SEÑORA DE LO URDES\"', 'EN ESPERA', NULL, NULL, NULL, NULL, 'SUSPENDIDO', '2020-02-27 12:49:53', '2020-02-27 12:51:49'),
(393, 43, 4, '2020-02-27 08:30:00', '2020-02-27 15:00:00', 'DESARROLLO DEL TALLER DE FORTALECIMIENTO DE CAPACIDADES PEDAGÓGICAS', 'AUTORIZADO', 'OK', '2020-02-27 07:58:49', 'VILLANUEVA PARIONA, ROLANDO', NULL, 'ACTIVO', '2020-02-27 12:57:24', '2020-02-27 12:58:49'),
(394, 62, 3, '2020-02-27 09:00:00', '2020-02-27 17:00:00', 'LEVANTAMIENTO DEL INVENTARIO DEL IESPP \"NUESTRA SEÑORA DE LO URDES\"', 'AUTORIZADO', 'OK', '2020-02-27 08:19:07', 'CASMA PINTO, ROXANA ELIZABETH', NULL, 'ACTIVO', '2020-02-27 13:04:49', '2020-02-27 13:19:07'),
(395, 68, 3, '2020-02-27 09:00:00', '2020-02-27 17:00:00', 'TRABAJOS DE INVENTARIO DE BIENES PATRIMONIALES DEL IESPP \" NUESTRA SEÑORA DE LOURDES\"', 'AUTORIZADO', 'OK', '2020-02-27 08:31:51', 'BARRON MUNAILLA, MAURA', NULL, 'ACTIVO', '2020-02-27 13:30:47', '2020-02-27 13:31:51'),
(396, 53, 3, '2020-02-27 09:00:00', '2020-02-27 11:00:00', 'A NOTIFICAR A PROVEEDORES PARA EL COBRO DE CHEQUES 2019, POR ESTAR POR VENCER', 'AUTORIZADO', 'OK', '2020-02-27 08:35:50', 'NAVARRO PALOMINO, MARIA LOURDES', NULL, 'ACTIVO', '2020-02-27 13:33:18', '2020-02-27 13:35:50'),
(397, 7, 3, '2020-02-27 10:00:00', '2020-02-27 13:00:00', 'UGEL HGA', 'AUTORIZADO', 'AUTORIZADO', '2020-02-27 10:56:32', 'MENDOZA ORE, ROSALÍA ESTHER', NULL, 'ACTIVO', '2020-02-27 14:33:25', '2020-02-27 15:56:32'),
(398, 42, 1, '2020-02-27 09:45:00', '2020-02-27 11:30:00', 'TRÁMITES', 'AUTORIZADO', 'AUTORIZADO', '2020-02-27 09:36:07', 'MENDOZA GUERRERO, MARINA CLEOFÉ', NULL, 'ACTIVO', '2020-02-27 14:35:23', '2020-02-27 14:36:07'),
(399, 37, 3, '2020-02-27 10:00:00', '2020-02-27 11:00:00', 'GOBIERNO REGIONAL DE AYACUCHO TRAMITE INFORME DIFOID', 'AUTORIZADO', 'AUTORIZADO', '2020-02-27 09:55:23', 'MENDOZA GUERRERO, MARINA CLEOFÉ', NULL, 'ACTIVO', '2020-02-27 14:48:40', '2020-02-27 14:55:23'),
(400, 38, 3, '2020-02-27 10:20:00', '2020-02-27 12:00:00', 'LLEVAR OFICIO AL GRA PARA LA FIRMA DEL GOBERNADOR REGIONAL, PARA REMISIÓN AL MINEDU', 'AUTORIZADO', 'OK', '2020-02-27 10:12:44', 'VILLANUEVA PARIONA, ROLANDO', NULL, 'ACTIVO', '2020-02-27 15:08:49', '2020-02-27 15:12:44'),
(401, 56, 4, '2020-02-27 15:10:00', '2020-02-27 18:00:00', 'RECEPCION DE MATERIALES EDUCATIVOS DEL MINEDU EN ALMACEN DE LA DREA POR MIRAFLORES', 'AUTORIZADO', 'SE AUTORIZA SU SALIDA PARA LA RECEPCION DE MATERIALES EDUCATIVOS DEL MINEDU EN ALMACEN DE LA DREA POR MIRAFLORES', '2020-02-27 13:08:52', 'VARGAS FLORES, WILDER', NULL, 'ACTIVO', '2020-02-27 18:07:53', '2020-02-27 18:08:52'),
(402, 3, 3, '2020-02-27 02:30:00', '2020-02-27 05:00:00', 'COMSION DE SERVICIO', 'EN ESPERA', NULL, NULL, NULL, NULL, 'SUSPENDIDO', '2020-02-27 19:20:03', '2020-02-27 19:20:25'),
(403, 3, 3, '2020-02-27 02:30:00', '2020-02-27 05:00:00', 'COMISION DE SERVICIO', 'AUTORIZADO', 'AUTORIZADO', '2020-02-27 14:22:54', 'MENDOZA ORE, ROSALÍA ESTHER', NULL, 'ACTIVO', '2020-02-27 19:22:13', '2020-02-27 19:22:54'),
(404, 2, 4, '2020-02-27 15:10:00', '2020-02-27 17:10:00', 'RECEPCIÓN DE MATERIALES DEL MINEDU', 'AUTORIZADO', 'AUTORIZADO', '2020-02-27 14:51:14', 'MENDOZA ORE, ROSALÍA ESTHER', NULL, 'ACTIVO', '2020-02-27 19:50:30', '2020-02-27 19:51:14'),
(405, 32, 4, '2020-02-27 15:20:00', '2020-02-27 17:30:00', 'RECEPCIÓN DE MATERIAL EDUCATIVO PARA EDUCACIÓN BÁSICA ESPECIAL EN EL ALMACÉN DE LA DREA LOCAL MIRAFLORES', 'AUTORIZADO', 'SE AUTORIZA SU SALIDA', '2020-02-27 15:14:23', 'VILLANUEVA PARIONA, ROLANDO', NULL, 'ACTIVO', '2020-02-27 20:13:11', '2020-02-27 20:14:23'),
(406, 27, 4, '2020-02-27 16:00:00', '2020-02-27 17:00:00', 'PARTICIPACION EN PRESENTACIÓN  DE REVITALIZACION EN DESARROLLO SOCIAL', 'AUTORIZADO', 'SE AUTORIZA SU SALIDA', '2020-02-27 15:58:44', 'VILLANUEVA PARIONA, ROLANDO', NULL, 'ACTIVO', '2020-02-27 20:57:56', '2020-02-27 20:58:44'),
(407, 43, 4, '2020-02-28 08:30:00', '2020-02-28 15:00:00', 'DESARROLLO DEL TALLER DE FORTALECIMIENTO DE CAPACIDADES DE LOS DOCENTES', 'AUTORIZADO', 'OK', '2020-02-28 08:00:18', 'VILLANUEVA PARIONA, ROLANDO', NULL, 'ACTIVO', '2020-02-28 12:58:52', '2020-02-28 13:00:18'),
(408, 62, 3, '2020-02-28 09:00:00', '2020-02-28 17:00:00', 'INVENTARIO AMBIENTAL DEL IESPP \"NUESTRA SEÑORA DE LO URDES', 'AUTORIZADO', 'OK', '2020-02-28 08:31:05', 'CASMA PINTO, ROXANA ELIZABETH', NULL, 'ACTIVO', '2020-02-28 13:06:10', '2020-02-28 13:31:05'),
(409, 3, 3, '2020-02-28 08:30:00', '2020-02-28 10:00:00', 'COMISION DE SERVICIOS', 'AUTORIZADO', 'OK', '2020-02-28 08:34:41', 'RAMOS RÍOS, JESÚS MIGUEL', NULL, 'ACTIVO', '2020-02-28 13:21:50', '2020-02-28 13:34:41'),
(410, 101, 2, '2020-02-28 08:40:00', '2020-02-28 10:00:00', 'POR CITA MÉDICA', 'AUTORIZADO', 'SE AUTORIZA SU SALIDA PARA SU CITA MÉDICA', '2020-02-28 08:37:06', 'VARGAS FLORES, WILDER', NULL, 'ACTIVO', '2020-02-28 13:35:33', '2020-02-28 13:37:06'),
(411, 68, 3, '2020-02-28 08:45:00', '2020-02-28 17:00:00', 'CONTINUACIÓN CON LAS LABORES  DE TOMA DE INVENTARIOS CODIFICACIÓN DE  LOS BIENES  EN EL IESPP \"NSL\"', 'AUTORIZADO', 'OK', '2020-02-28 08:37:30', 'BARRON MUNAILLA, MAURA', NULL, 'ACTIVO', '2020-02-28 13:36:47', '2020-02-28 13:37:30'),
(412, 75, 3, '2020-02-28 09:30:00', '2020-02-28 11:00:00', 'SUBE GERENCIA DE PLANEAMIENTO (GRA)', 'AUTORIZADO', 'OK', '2020-02-28 09:05:23', 'ESPINO MENDEZ, SANTIAGO', NULL, 'ACTIVO', '2020-02-28 14:04:29', '2020-02-28 14:05:23'),
(413, 83, 3, '2020-02-28 10:00:00', '2020-02-28 11:30:00', 'COORDINACIÓN EN EL CONECTAMEF', 'AUTORIZADO', 'OK', '2020-02-28 09:31:09', 'ESPINO MENDEZ, SANTIAGO', NULL, 'ACTIVO', '2020-02-28 14:29:46', '2020-02-28 14:31:09'),
(414, 24, 3, '2020-02-28 03:29:00', '2020-02-28 05:25:00', 'RECEPCION DE INVENTARIO DE PIRDAIS', 'AUTORIZADO', 'OK', '2020-02-28 15:36:30', 'RAMOS RÍOS, JESÚS MIGUEL', NULL, 'ACTIVO', '2020-02-28 20:30:40', '2020-02-28 20:36:30'),
(415, 69, 3, '2020-02-26 08:15:00', '2020-02-26 10:30:00', 'DISTRIBUCIÓN DE KIT DE MATERIALES Y EQUIPOS A LOS COORDINADORES LOCALES DE PREVAED', 'AUTORIZADO', 'AUTORIZADO', '2020-03-02 10:19:33', 'MENDOZA GUERRERO, MARINA CLEOFÉ', NULL, 'ACTIVO', '2020-03-02 14:18:16', '2020-03-02 15:19:33'),
(416, 35, 4, '2020-03-02 10:00:00', '2020-03-02 12:30:00', 'VERIFICACION DE LOCAL DE IE PRIVADO \"LA CASITA DE MICKEY\" Y \"NEWMANN SCHOOL\"', 'AUTORIZADO', 'SE AUTORIZA SU SALIDA', '2020-03-02 09:59:07', 'VILLANUEVA PARIONA, ROLANDO', NULL, 'ACTIVO', '2020-03-02 14:58:50', '2020-03-02 14:59:07'),
(417, 89, 1, '2020-03-02 10:20:00', '2020-03-02 12:20:00', 'MATRICULA DE MI MENOR HIJO C.E MARISCAL CACERES', 'EN ESPERA', NULL, NULL, NULL, NULL, 'SUSPENDIDO', '2020-03-02 15:08:37', '2020-03-02 16:10:55'),
(418, 24, 3, '2020-03-02 10:20:00', '2020-03-02 12:20:00', 'ENTREGA DE MATERIALES A COORDINADORES LOCALES DE PREVAED', 'AUTORIZADO', 'OK', '2020-03-02 10:24:14', 'VILLANUEVA PARIONA, ROLANDO', NULL, 'ACTIVO', '2020-03-02 15:21:19', '2020-03-02 15:24:14'),
(419, 41, 3, '2020-03-02 10:30:00', '2020-03-02 12:00:00', 'VERIFICACIÓN DEL AUDITORIO Y/O AMBIENTES DEL CETPRO \"ROSA DE AMÉRICA\" PARA EL TALLER SOBRE PLANIFICACIÓN CURRICULAR', 'AUTORIZADO', 'AUTORIZADO', '2020-03-02 10:22:57', 'MENDOZA GUERRERO, MARINA CLEOFÉ', NULL, 'ACTIVO', '2020-03-02 15:22:16', '2020-03-02 15:22:57'),
(420, 89, 1, '1975-11-04 11:20:00', '1975-11-04 12:40:00', 'MATRICULA A MI MENOR HIJO AL C.E MARISCAL CACERES', 'AUTORIZADO', 'OK', '2020-03-02 11:35:16', 'MARTÍNEZ ROCCA, LUIS ALBERTO', NULL, 'ACTIVO', '2020-03-02 16:10:48', '2020-03-02 16:35:16'),
(421, 5, 1, '2020-03-02 12:05:00', '2020-03-02 12:45:00', 'PRESENTAR DOCUMENTOS EN EL P.A. \"GUAMAN POMA DE AYALA\"', 'AUTORIZADO', 'OK', '2020-03-02 12:04:03', 'RAMOS RÍOS, JESÚS MIGUEL', NULL, 'ACTIVO', '2020-03-02 16:59:21', '2020-03-02 17:04:03'),
(422, 13, 1, '2020-03-02 16:27:00', '2020-03-02 17:27:00', 'REUNION PÁRTICULAR', 'AUTORIZADO', 'OK', '2020-03-02 15:55:55', 'RAMOS RÍOS, JESÚS MIGUEL', NULL, 'ACTIVO', '2020-03-02 19:27:39', '2020-03-02 20:55:55'),
(423, 32, 4, '2020-03-02 15:15:00', '2020-03-02 17:30:00', 'ENTREGA DE MATERIAL DE EDUCACIÓN BÁSICA ESPECIAL: UGEL HUAMANGA Y HUANTA - ALMACÉN D E LA DREA -MIRAFLORES.', 'AUTORIZADO', 'OK', '2020-03-02 15:04:24', 'VILLANUEVA PARIONA, ROLANDO', NULL, 'ACTIVO', '2020-03-02 20:03:28', '2020-03-02 20:04:24'),
(424, 44, 3, '2020-03-02 14:50:00', '2020-03-02 17:30:00', 'REUNIÓN DE TRABAJO PARA EL FORO REGIONAL EN EDUCACIÓN EMPRENDEDORA', 'AUTORIZADO', 'OK', '2020-03-02 15:46:07', 'VILLANUEVA PARIONA, ROLANDO', NULL, 'ACTIVO', '2020-03-02 20:44:59', '2020-03-02 20:46:07'),
(425, 68, 3, '2020-03-03 08:30:00', '2020-03-03 17:00:00', 'PROSEGUIR  CON LOS TRABAJOS  EN EL ISPP \" NSL\"', 'AUTORIZADO', 'OK', '2020-03-03 07:46:42', 'BARRON MUNAILLA, MAURA', NULL, 'ACTIVO', '2020-03-03 12:45:54', '2020-03-03 12:46:42'),
(426, 62, 3, '2020-03-03 08:30:00', '2020-03-03 17:30:00', 'LEVANTAMIENTO DE INVENTARIO ISTPP \"NUESTRA SEÑORA DE LO URDES', 'AUTORIZADO', 'OK', '2020-03-03 07:57:03', 'CASMA PINTO, ROXANA ELIZABETH', NULL, 'ACTIVO', '2020-03-03 12:49:30', '2020-03-03 12:57:03'),
(427, 75, 3, '2020-03-03 08:04:00', '2020-03-03 10:00:00', 'OFICINA DE DESCENTRALIZACIÓN DEL GRA', 'AUTORIZADO', 'OK', '2020-03-03 08:07:20', 'ESPINO MENDEZ, SANTIAGO', NULL, 'ACTIVO', '2020-03-03 13:04:50', '2020-03-03 13:07:20'),
(428, 89, 4, '2020-03-20 09:20:00', '2020-03-20 10:30:00', 'DESPLAZAMIENTO AL ARCHIVO CENTRAL  PARA LA BÚSQUEDA DE RESOLUCION DEL AÑO 2015 PARA LA ATENCIÓN URGENTE A LA PROCURADOR', 'EN ESPERA', NULL, NULL, NULL, NULL, 'SUSPENDIDO', '2020-03-03 13:55:52', '2020-03-03 14:21:24'),
(429, 3, 3, '2020-03-03 09:30:00', '2020-03-03 12:50:00', 'ABSOLUCION DE RECLAMOS IESTP MANUEL ANTONIO HIERRO POZO', 'AUTORIZADO', 'AUTORIZADO', '2020-03-03 09:20:17', 'RAMOS RÍOS, JESÚS MIGUEL', NULL, 'ACTIVO', '2020-03-03 14:14:55', '2020-03-03 14:20:17'),
(430, 5, 3, '2020-03-03 09:20:00', '2020-03-03 10:10:00', 'SEGUIMIENTO DEL OFICIO 0596-2020-EEP DEL PENSIONISTA ARMANDO TINEO MOROTE', 'AUTORIZADO', 'AUTORIZADO', '2020-03-03 09:19:58', 'RAMOS RÍOS, JESÚS MIGUEL', NULL, 'ACTIVO', '2020-03-03 14:18:22', '2020-03-03 14:19:58'),
(431, 89, 4, '2020-03-02 09:30:00', '2020-03-02 10:50:00', 'BÚSQUEDA DE EXPEDIENTE AÑO 2015 PARA LA ATENCIÓN A LA PROCURADORIA PUBLICA', 'AUTORIZADO', 'OK', '2020-03-03 09:29:10', 'MARTÍNEZ ROCCA, LUIS ALBERTO', NULL, 'ACTIVO', '2020-03-03 14:23:14', '2020-03-03 14:29:10'),
(432, 83, 3, '2020-03-03 09:45:00', '2020-03-03 10:30:00', 'COORDINACIÓN CON CONECTAMEF: APROBACIÓN DE IOARR DEL COCAS CENTRO POBLADO DE COCAS', 'AUTORIZADO', 'OK', '2020-03-03 09:44:40', 'ESPINO MENDEZ, SANTIAGO', NULL, 'ACTIVO', '2020-03-03 14:35:31', '2020-03-03 14:44:40'),
(433, 24, 3, '2020-03-03 10:01:00', '2020-03-03 11:02:00', 'ENTREGA DE EQUIPOS Y MATERIALES A COORDINADORES LOCALES DE PREVAED', 'AUTORIZADO', 'SE AUTORIZA SU SALIDA', '2020-03-03 10:06:28', 'VILLANUEVA PARIONA, ROLANDO', NULL, 'ACTIVO', '2020-03-03 15:02:34', '2020-03-03 15:06:28'),
(434, 69, 3, '2020-03-03 10:15:00', '2020-03-03 12:30:00', 'ENTREGA DE EQUIPOS Y MATERIALES', 'AUTORIZADO', 'AUTORIZADO', '2020-03-03 10:07:46', 'MENDOZA GUERRERO, MARINA CLEOFÉ', NULL, 'ACTIVO', '2020-03-03 15:03:52', '2020-03-03 15:07:46'),
(435, 17, 1, '2020-03-03 12:00:00', '2020-03-03 22:00:00', 'PARTICULAR', 'AUTORIZADO', 'OK', '2020-03-03 11:52:47', 'RAMOS RÍOS, JESÚS MIGUEL', NULL, 'ACTIVO', '2020-03-03 16:51:01', '2020-03-03 16:52:47'),
(436, 8, 2, '2020-03-03 15:30:00', '2020-03-03 17:30:00', 'ESSALUD', 'AUTORIZADO', 'OK', '2020-03-03 15:16:40', 'RAMOS RÍOS, JESÚS MIGUEL', NULL, 'ACTIVO', '2020-03-03 20:09:23', '2020-03-03 20:16:40'),
(437, 93, 2, '2020-03-04 07:30:00', '2020-03-04 08:30:00', 'EXAMEN MÉDICO', 'AUTORIZADO', 'OK', '2020-03-03 16:45:28', 'RAMOS RÍOS, JESÚS MIGUEL', NULL, 'ACTIVO', '2020-03-03 21:39:12', '2020-03-03 21:45:28'),
(438, 12, 1, '2020-03-04 08:30:00', '2020-03-04 10:00:00', 'MOTIVOS PERSONALES', 'AUTORIZADO', 'OK', '2020-03-04 07:38:35', 'RAMOS RÍOS, JESÚS MIGUEL', NULL, 'ACTIVO', '2020-03-04 12:31:19', '2020-03-04 12:38:35'),
(439, 82, 4, '2020-03-04 09:46:00', '2020-03-04 13:46:00', 'REUNIÓN CON COPARE EN LA MESA DE CONCERTACIÓN, SOBRE EL PROYECTO EDUCATICO REGIONAL DE AYACUCHO PER-A 2022-2036', 'AUTORIZADO', 'OK', '2020-03-04 08:12:26', 'BENDEZÚ PRADO, SONIA', NULL, 'ACTIVO', '2020-03-04 12:51:28', '2020-03-04 13:12:26'),
(440, 13, 1, '2020-03-04 08:15:00', '2020-03-04 09:30:00', 'PARTICULAR', 'AUTORIZADO', 'OK', '2020-03-04 08:07:55', 'RAMOS RÍOS, JESÚS MIGUEL', NULL, 'ACTIVO', '2020-03-04 12:56:22', '2020-03-04 13:07:55'),
(441, 104, 3, '2020-03-04 08:30:00', '2020-03-04 10:30:00', 'CONSULTAS EN EL CONECTAMEF CON EL ESPECIALISTA DE INVERSION PUBLICA', 'EN ESPERA', NULL, NULL, NULL, NULL, 'SUSPENDIDO', '2020-03-04 13:00:02', '2020-03-04 13:04:17'),
(442, 104, 1, '2020-03-04 08:30:00', '2020-03-04 10:30:00', 'TRAMITES PERSONALES Y OTROS.', 'AUTORIZADO', 'OK', '2020-03-04 08:11:25', 'BENDEZÚ PRADO, SONIA', NULL, 'ACTIVO', '2020-03-04 13:05:10', '2020-03-04 13:11:25'),
(443, 68, 3, '2020-03-04 08:30:00', '2020-03-04 16:00:00', 'PROSEGUIR CON EL TRABAJO DE CAMPO REFERENTE A INVENTARIOS EN EL ISPP \"NSL\"', 'AUTORIZADO', 'OK', '2020-03-04 08:22:42', 'CASMA PINTO, ROXANA ELIZABETH', NULL, 'ACTIVO', '2020-03-04 13:16:06', '2020-03-04 13:22:42'),
(444, 62, 9, '0020-02-04 09:00:00', '0020-02-04 13:00:00', 'CITACIÓN  DEL JUZGADO DE PODER JUDICIAL', 'AUTORIZADO', 'OK', '2020-03-04 08:22:32', 'CASMA PINTO, ROXANA ELIZABETH', NULL, 'ACTIVO', '2020-03-04 13:18:28', '2020-03-04 13:22:32'),
(445, 7, 3, '2020-03-04 09:00:00', '2020-03-04 11:00:00', 'UGEL HGA - CAS.', 'AUTORIZADO', 'OK', '2020-03-04 08:53:48', 'RAMOS RÍOS, JESÚS MIGUEL', NULL, 'ACTIVO', '2020-03-04 13:53:02', '2020-03-04 13:53:48'),
(446, 3, 1, '2020-03-04 09:30:00', '2020-03-04 10:30:00', 'ASUNTOS PARTICULARES', 'AUTORIZADO', 'OK', '2020-03-04 09:38:06', 'RAMOS RÍOS, JESÚS MIGUEL', NULL, 'ACTIVO', '2020-03-04 14:37:38', '2020-03-04 14:38:06'),
(447, 102, 3, '2020-03-04 10:10:00', '2020-03-04 11:00:00', 'ENTREGA DE DOCUMENTOS EN LA UGEL HUAMANGA', 'AUTORIZADO', 'OK', '2020-03-04 10:09:04', 'BONIFACIO ROJAS, CÉSAR SALOMÓN', NULL, 'ACTIVO', '2020-03-04 15:04:04', '2020-03-04 15:09:04'),
(448, 95, 4, '2020-03-04 10:15:00', '2020-03-04 11:15:00', 'ENTREGA DE DOCUMENTOS EN LA UGEL HUAMANGA', 'AUTORIZADO', 'OK', '2020-03-04 10:08:46', 'BONIFACIO ROJAS, CÉSAR SALOMÓN', NULL, 'ACTIVO', '2020-03-04 15:04:18', '2020-03-04 15:08:46'),
(449, 27, 3, '2020-03-04 10:15:00', '2020-03-04 12:00:00', 'COORDINACION SOBRE  EL TALLER DE INDUCCION A ACOMPAÑANTES Y TALLER DE EDUCACIÓN SECUNDARIA EN EL LOCAL  PLAZA MOORE CON', 'AUTORIZADO', 'OK', '2020-03-04 10:12:27', 'VILLANUEVA PARIONA, ROLANDO', NULL, 'ACTIVO', '2020-03-04 15:10:16', '2020-03-04 15:12:27'),
(450, 37, 3, '2020-03-04 04:00:00', '2020-03-04 05:00:00', 'COTIZACION DE MATERIAL, MOBILIARIO  CONTRUCCIONES METALICAS BORDA.', 'AUTORIZADO', 'OK', '2020-03-04 15:51:08', 'VILLANUEVA PARIONA, ROLANDO', NULL, 'ACTIVO', '2020-03-04 20:47:21', '2020-03-04 20:51:08'),
(451, 27, 3, '2020-03-04 16:00:00', '2020-03-04 17:00:00', 'ASISTENCIA A MESA DE TRABAJO  POR LS COMUNIDADES NATIVAS EN EL CONSEJO REGIONAL', 'AUTORIZADO', 'OK', '2020-03-04 15:59:06', 'VILLANUEVA PARIONA, ROLANDO', NULL, 'ACTIVO', '2020-03-04 20:58:02', '2020-03-04 20:59:06'),
(452, 83, 3, '2020-03-04 04:15:00', '2020-03-04 05:00:00', 'COORDINACIÓN CON OPMI DEL GRA RESPECTO AL PIP DE LA UGEL HUANTA', 'AUTORIZADO', 'OK', '2020-03-04 16:16:27', 'ESPINO MENDEZ, SANTIAGO', NULL, 'ACTIVO', '2020-03-04 21:03:36', '2020-03-04 21:16:27'),
(453, 104, 3, '2020-04-04 16:15:00', '2020-04-04 17:00:00', 'COORDINACION CON OPMI DEL GRA RESPECTO AL PIP DE LA UGEL HUANTA CON CUI 2318182.', 'AUTORIZADO', 'OK', '2020-03-04 16:16:39', 'ESPINO MENDEZ, SANTIAGO', NULL, 'ACTIVO', '2020-03-04 21:07:13', '2020-03-04 21:16:39'),
(454, 69, 1, '2020-03-04 04:15:00', '2020-03-04 05:30:00', 'ASUNTOS FAMILIARES', 'AUTORIZADO', 'AUTORIZADO', '2020-03-04 16:25:05', 'MENDOZA GUERRERO, MARINA CLEOFÉ', NULL, 'ACTIVO', '2020-03-04 21:09:04', '2020-03-04 21:25:05'),
(455, 70, 4, '2020-03-05 06:30:00', '2020-03-05 08:30:00', 'CITA EN ESSALUD 7.30 AM', 'AUTORIZADO', 'OK', '2020-03-04 18:02:56', 'ESPINO MENDEZ, SANTIAGO', NULL, 'ACTIVO', '2020-03-04 23:02:17', '2020-03-04 23:02:56'),
(456, 70, 2, '2020-03-05 06:30:00', '2020-03-05 08:30:00', 'CITA EN ESSALUD 7.30 AM', 'AUTORIZADO', 'OK', '2020-03-04 18:09:16', 'ESPINO MENDEZ, SANTIAGO', NULL, 'ACTIVO', '2020-03-04 23:06:21', '2020-03-04 23:09:16'),
(457, 3, 3, '2020-03-05 08:00:00', '2020-03-05 12:00:00', 'EVALUACION DE CLASE DEMOSTRATIVA EN EL IESTP MANUEL ANTONIO HIERRO POZO', 'AUTORIZADO', 'OK', '2020-03-05 08:15:00', 'RAMOS RÍOS, JESÚS MIGUEL', NULL, 'ACTIVO', '2020-03-05 12:45:22', '2020-03-05 13:15:00'),
(458, 35, 4, '2020-03-05 08:30:00', '2020-03-05 16:00:00', 'DESARROLLO DEL TALLER SOBRE PLANIFICACIÓN CURRICULAR EN LA IE SAN RAMON - AYACUCHO', 'AUTORIZADO', 'OK', '2020-03-05 08:04:42', 'VILLANUEVA PARIONA, ROLANDO', NULL, 'ACTIVO', '2020-03-05 13:03:40', '2020-03-05 13:04:42'),
(459, 43, 4, '2020-03-05 08:15:00', '2020-03-05 16:00:00', 'DESARROLLO DEL TALLER DE FORTALECIMIENTO DE CAPACIDADES DE LOS DOCENTES DE LA IE. SAN RAMÓN', 'AUTORIZADO', 'OK', '2020-03-05 08:04:50', 'VILLANUEVA PARIONA, ROLANDO', NULL, 'ACTIVO', '2020-03-05 13:04:03', '2020-03-05 13:04:50'),
(460, 44, 4, '2020-03-05 08:00:00', '2020-03-05 15:00:00', 'TALLER DE CAPACITACIÓN EN IE SAN RAMÓN', 'AUTORIZADO', 'OK', '2020-03-05 08:06:24', 'VILLANUEVA PARIONA, ROLANDO', NULL, 'ACTIVO', '2020-03-05 13:05:55', '2020-03-05 13:06:24'),
(461, 30, 4, '2020-03-05 08:20:00', '2020-03-05 15:00:00', 'TALLER DE CAPACITACIÓN EN LA IE \"SAN RAMÓN\"', 'AUTORIZADO', 'SE AUTORIZA SU SALIDA', '2020-03-05 08:11:11', 'VILLANUEVA PARIONA, ROLANDO', NULL, 'ACTIVO', '2020-03-05 13:09:38', '2020-03-05 13:11:11'),
(462, 4, 3, '2020-03-05 09:00:00', '2020-03-05 10:00:00', 'I.E.S.T.P  \"MANUEL ANTONIO HIERRO POZO\"', 'AUTORIZADO', 'OK', '2020-03-05 08:45:52', 'RAMOS RÍOS, JESÚS MIGUEL', NULL, 'ACTIVO', '2020-03-05 13:43:00', '2020-03-05 13:45:52'),
(463, 52, 4, '2020-03-05 15:30:00', '2020-03-05 17:30:00', 'CITA MEDICO EN ES SALUD', 'AUTORIZADO', 'OK', '2020-03-05 13:04:02', 'CASMA PINTO, ROXANA ELIZABETH', NULL, 'ACTIVO', '2020-03-05 16:57:16', '2020-03-05 18:04:02'),
(464, 29, 3, '2020-03-05 15:30:00', '2020-03-05 17:30:00', 'ASESORÍA AL EQUIPO DEL ÁREA DE CIENCIA Y TECNOLOGÍA DE LA UGEL HUAMANGA PARA LA ELABORACIÓN DE TALLER DE DIVERSIFICACIÓN', 'AUTORIZADO', 'AUTORIZADO', '2020-03-05 15:26:57', 'MENDOZA GUERRERO, MARINA CLEOFÉ', NULL, 'ACTIVO', '2020-03-05 20:26:39', '2020-03-05 20:26:57'),
(465, 75, 3, '2020-05-03 16:00:00', '2020-05-03 17:00:00', 'GRA (PLANEAMIENTO)', 'AUTORIZADO', 'OK', '2020-03-05 16:05:00', 'ESPINO MENDEZ, SANTIAGO', NULL, 'ACTIVO', '2020-03-05 21:03:28', '2020-03-05 21:05:00'),
(466, 104, 4, '2020-03-05 16:20:00', '2020-03-05 17:30:00', 'SEGUIMIENTO A OFICIO N° 310-2020-GRA/GG-GRDS-DREA-D', 'AUTORIZADO', 'OK', '2020-03-05 16:18:47', 'BENDEZÚ PRADO, SONIA', NULL, 'ACTIVO', '2020-03-05 21:08:38', '2020-03-05 21:18:47'),
(467, 54, 3, '2020-03-05 17:00:00', '2020-03-05 18:00:00', 'EFECTUAR COORDINACIONES CON LA UGEL HUAMANGA Y OSCE', 'AUTORIZADO', 'OK', '2020-03-05 17:01:29', 'CASMA PINTO, ROXANA ELIZABETH', NULL, 'ACTIVO', '2020-03-05 21:57:39', '2020-03-05 22:01:29'),
(468, 77, 2, '2020-03-07 09:00:00', '2020-03-07 10:30:00', 'CITA MÈDICA - ESSALUD', 'AUTORIZADO', 'OK', '2020-03-06 08:03:26', 'BENDEZÚ PRADO, SONIA', NULL, 'ACTIVO', '2020-03-06 12:33:54', '2020-03-06 13:03:26'),
(469, 52, 3, '2020-03-06 09:00:00', '2020-03-06 11:00:00', 'SUPERVISION Y COORDINACION DE TRABAJO EN LA OFICINA DE CONSTANCIA DE PAGOS-SEDE DREA', 'AUTORIZADO', 'OK', '2020-03-06 07:58:42', 'CASMA PINTO, ROXANA ELIZABETH', NULL, 'ACTIVO', '2020-03-06 12:47:35', '2020-03-06 12:58:42'),
(470, 43, 4, '2020-03-06 08:30:00', '2020-03-06 18:00:00', 'DESARROLLO DEL TALLER DE ACTUALIZACIÓN DOCENTE EN EL LOCAL EL PARAISO', 'AUTORIZADO', 'AUTORIZADO', '2020-03-06 08:09:04', 'MENDOZA GUERRERO, MARINA CLEOFÉ', NULL, 'ACTIVO', '2020-03-06 13:05:32', '2020-03-06 13:09:04'),
(471, 3, 3, '2020-03-06 08:10:00', '2020-03-06 12:00:00', 'EVALUACION DE CLASE DEMOSTRATIVA - IESTP MANUEL ANTONIO HIERRO POZO', 'AUTORIZADO', 'OK', '2020-03-06 08:07:56', 'RAMOS RÍOS, JESÚS MIGUEL', NULL, 'ACTIVO', '2020-03-06 13:07:31', '2020-03-06 13:07:56'),
(472, 79, 7, '2020-03-06 08:50:00', '2020-03-06 18:00:00', 'TALLER DE FORMULACION DE LA RUTA DE TRABAJO PARA LA ELABORACION DEL PER', 'AUTORIZADO', 'OK', '2020-03-06 08:42:21', 'ESPINO MENDEZ, SANTIAGO', NULL, 'ACTIVO', '2020-03-06 13:24:02', '2020-03-06 13:42:21'),
(473, 82, 4, '2020-03-06 08:35:00', '2020-03-06 17:36:00', 'FORMULACIÓN DEL PROYECTO EDUCATIVO REGIONAL DE AYACUCHO', 'AUTORIZADO', 'OK', '2020-03-06 08:42:12', 'ESPINO MENDEZ, SANTIAGO', NULL, 'ACTIVO', '2020-03-06 13:38:48', '2020-03-06 13:42:12'),
(474, 103, 4, '2020-03-06 08:50:00', '2020-03-06 18:00:00', 'TALLER DE FORMULACIÓN DE LA RUTA DE TRABAJO PARA LA ELABORACIÓN DEL `PROYECTO EDUCATIVO REGIONAL', 'AUTORIZADO', 'OK', '2020-03-06 08:42:02', 'ESPINO MENDEZ, SANTIAGO', NULL, 'ACTIVO', '2020-03-06 13:41:06', '2020-03-06 13:42:02'),
(475, 75, 7, '2020-03-06 08:40:00', '2020-03-06 18:00:00', 'TALLER DE FORMULACIÓN DEL PER 2022-2036', 'AUTORIZADO', 'OK', '2020-03-06 08:43:21', 'ESPINO MENDEZ, SANTIAGO', NULL, 'ACTIVO', '2020-03-06 13:42:46', '2020-03-06 13:43:21'),
(476, 64, 3, '2020-03-06 10:50:00', '2020-03-06 11:15:00', 'AL LOCAL DE LA INSTITUCIÓN  EDUCATIVA INICIAL MY HAPPY  WORLD UBICADO EN  URB. MARÍA PARADO DE BELLIDO MZ \"J\"  LOTE 4', 'AUTORIZADO', 'OK', '2020-03-06 10:46:27', 'CASMA PINTO, ROXANA ELIZABETH', NULL, 'ACTIVO', '2020-03-06 15:44:53', '2020-03-06 15:46:27'),
(477, 53, 3, '2020-03-09 09:00:00', '2020-03-09 10:40:00', 'A SUNAT A REALIZAR CONSULTAS SOBRE DETRACCIONES PARA GIRO DE ORDENES DE SERVICIO', 'AUTORIZADO', 'A SUNAT A REALIZAR CONSULTAS SOBRE DETRACCIONES PARA GIRO DE ORDENES DE SERVICIO', '2020-03-09 08:35:54', 'RAMOS CAMPOS, FRANCISCO', NULL, 'ACTIVO', '2020-03-09 13:34:20', '2020-03-09 13:35:54'),
(478, 105, 3, '2020-03-09 08:50:00', '2020-03-09 12:00:00', 'REVISION DE  EXPEDIENTE JUDICIAL', 'EN ESPERA', NULL, NULL, NULL, NULL, 'ACTIVO', '2020-03-09 13:49:19', '2020-03-09 13:49:19'),
(479, 3, 3, '2020-03-09 08:50:00', '2020-03-09 15:00:00', 'EVALUCION DE CLASE DEMOSTRATIVA DEL IESTP MANUEL ANTONIO HIERRO POZO-PROGRAMA DE ESTUDIOS DE ADMINISTRACIÓN DE REDES', 'AUTORIZADO', 'OK', '2020-03-09 08:51:38', 'RAMOS RÍOS, JESÚS MIGUEL', NULL, 'ACTIVO', '2020-03-09 13:51:04', '2020-03-09 13:51:38'),
(480, 83, 7, '2020-03-09 09:30:00', '2020-03-09 12:30:00', 'CAPACITACIÓN EN EL CONECTAMEF', 'AUTORIZADO', 'OK', '2020-03-09 09:36:26', 'ESPINO MENDEZ, SANTIAGO', NULL, 'ACTIVO', '2020-03-09 14:11:52', '2020-03-09 14:36:26'),
(481, 104, 7, '2020-03-09 09:30:00', '2020-03-09 12:30:00', 'CAPACITACION DECRETO DE URGENCIA Q APRUEBA EL PRESUPUESTO 2020 Y MODIFICACION EN INVERSIONES EN EL MARCO DEL INVIERTE.PE', 'AUTORIZADO', 'OK', '2020-03-09 09:36:41', 'ESPINO MENDEZ, SANTIAGO', NULL, 'ACTIVO', '2020-03-09 14:15:02', '2020-03-09 14:36:41'),
(482, 89, 4, '2020-03-09 10:15:00', '2020-03-09 10:50:00', 'MATRICULA DE MI MENOR HIJO CENTRO EDUCATIVO MARISCAL CACERES', 'AUTORIZADO', 'OK', '2020-03-09 10:04:10', 'MARTÍNEZ ROCCA, LUIS ALBERTO', NULL, 'ACTIVO', '2020-03-09 15:00:02', '2020-03-09 15:04:10'),
(483, 68, 3, '2020-03-10 09:30:00', '2020-03-10 17:00:00', 'TRABAJOS INHERENTES A CONTROL PATRIMONIAL EN EL IESPP \"NSTRA SRA DE LOURDES\"', 'AUTORIZADO', 'OK', '2020-03-10 09:17:00', 'CASMA PINTO, ROXANA ELIZABETH', NULL, 'ACTIVO', '2020-03-10 14:15:46', '2020-03-10 14:17:00'),
(484, 104, 4, '2020-03-09 09:30:00', '2020-03-09 10:00:00', 'CONSULTAS A PRONIED AYACUCHO SOBRE AULAS PREFABRICADAS PARA ATENDER OFICIO Nº 169-2020-ME-GR-DREA/UEE-307-VRAE-LM/AGI-OI', 'AUTORIZADO', 'OK', '2020-03-10 09:36:23', 'BENDEZÚ PRADO, SONIA', NULL, 'ACTIVO', '2020-03-10 14:27:39', '2020-03-10 14:36:23'),
(485, 90, 1, '2020-03-10 10:15:00', '2020-03-10 11:10:00', 'TRÁMITE EN LA COOSTEA Y LA COPERATIVA SAN CRISTOBAL DE HUAMANGA', 'AUTORIZADO', 'OK', '2020-03-10 09:43:44', 'RAMOS RÍOS, JESÚS MIGUEL', NULL, 'ACTIVO', '2020-03-10 14:41:24', '2020-03-10 14:43:44'),
(486, 12, 1, '2020-03-10 10:00:00', '2020-03-10 11:30:00', 'PARA REALIZAR TRAMITES PERSONALES', 'AUTORIZADO', 'OK', '2020-03-10 09:43:56', 'RAMOS RÍOS, JESÚS MIGUEL', NULL, 'ACTIVO', '2020-03-10 14:43:41', '2020-03-10 14:43:56'),
(487, 81, 2, '2020-03-10 11:08:00', '2020-03-10 12:00:00', 'ESSALUD', 'AUTORIZADO', 'OK', '2020-03-10 11:06:53', 'BENDEZÚ PRADO, SONIA', NULL, 'ACTIVO', '2020-03-10 16:03:52', '2020-03-10 16:06:53'),
(488, 6, 3, '2020-03-10 11:40:00', '2020-03-10 13:40:00', 'PARTICIPACIÓN EN EL TALLER DE CEBA COMO EXPOSITOR  I.E. \"MARISCAL CACERES\"', 'AUTORIZADO', 'OK', '2020-03-10 11:23:09', 'RAMOS RÍOS, JESÚS MIGUEL', NULL, 'ACTIVO', '2020-03-10 16:18:23', '2020-03-10 16:23:09'),
(489, 14, 3, '2020-03-10 11:30:00', '2020-03-10 15:00:00', 'COORDINACIÓN   CON LA DIRESA PARA CHARLA DE PREVENCIÓN DEL CORONAVIRUS', 'AUTORIZADO', 'OK', '2020-03-10 11:23:00', 'RAMOS RÍOS, JESÚS MIGUEL', NULL, 'ACTIVO', '2020-03-10 16:21:47', '2020-03-10 16:23:00'),
(490, 36, 4, '2020-03-12 15:58:00', '2020-03-12 17:58:00', 'REUNION  SOBRE PREVENCION DE VIOLENCIA CONVOCADO POR WORD VISION', 'AUTORIZADO', 'AUTORTIZADO', '2020-03-10 13:09:56', 'MENDOZA GUERRERO, MARINA CLEOFÉ', NULL, 'ACTIVO', '2020-03-10 18:00:22', '2020-03-10 18:09:56'),
(491, 88, 4, '2020-03-10 15:20:00', '2020-03-10 16:50:00', 'SALIDA AL BANCO DE LA NACIÓN PARA LA ACTUALIZACIÓN DE DATOS', 'EN ESPERA', NULL, NULL, NULL, NULL, 'SUSPENDIDO', '2020-03-10 20:13:36', '2020-03-10 21:01:55'),
(492, 83, 3, '2020-03-11 09:45:00', '2020-03-11 12:30:00', 'ABSOLUCIÓN DE OBSERVACIONES DEL PROYECTO PUQUIO', 'AUTORIZADO', 'OK', '2020-03-11 09:35:47', 'RAMOS RÍOS, JESÚS MIGUEL', NULL, 'ACTIVO', '2020-03-11 14:32:05', '2020-03-11 14:35:47'),
(493, 104, 3, '2020-03-11 09:45:00', '2020-03-11 12:30:00', 'COORDINACIONES EN EL AGRA RESPECTO AL PERFIL TECNICO DEL INSTITUTO DE PUQUIO', 'AUTORIZADO', 'OK', '2020-03-11 09:35:32', 'RAMOS RÍOS, JESÚS MIGUEL', NULL, 'ACTIVO', '2020-03-11 14:33:54', '2020-03-11 14:35:32'),
(494, 61, 3, '2020-03-11 10:00:00', '2020-03-11 12:00:00', '* VISITA A LA UGEL HUAMANGA A REALIZAR SEGUIMIENTO DE PAGOS DE AGUA DEL INSTITUTO LOURDES\r\n* REALIZAR COTIZACIONES', 'AUTORIZADO', 'SE AUTORIZA SU SALIDA PARA VISITA A LA UGEL HUAMANGA A REALIZAR SEGUIMIENTO DE PAGOS DE AGUA DEL INSTITUTO LOURDES * REALIZAR COTIZACIONES', '2020-03-11 09:59:02', 'VARGAS FLORES, WILDER', NULL, 'ACTIVO', '2020-03-11 14:47:48', '2020-03-11 14:59:02'),
(495, 53, 3, '2020-03-11 10:00:00', '2020-03-11 11:30:00', 'A LA SUNAT SOBRE CONSULTAS DE LAS RETENCIONES Y DETRACCIONES', 'AUTORIZADO', 'OK', '2020-03-11 10:24:19', 'NAVARRO PALOMINO, MARIA LOURDES', NULL, 'ACTIVO', '2020-03-11 15:22:53', '2020-03-11 15:24:19'),
(496, 78, 4, '2020-03-11 03:00:00', '2020-03-11 03:30:00', 'CITA EN ESSALUD', 'AUTORIZADO', 'OK', '2020-03-11 13:10:17', 'BENDEZÚ PRADO, SONIA', NULL, 'ACTIVO', '2020-03-11 17:53:23', '2020-03-11 18:10:17'),
(497, 48, 4, '2020-03-11 13:05:00', '2020-03-11 17:00:00', 'MESA DE CONCERTACIÓN SOCIALIZACIÓN DE LA FICHA DE MONITOREO BIAE 2020', 'AUTORIZADO', 'AUTORIZADO', '2020-03-11 13:04:46', 'MENDOZA GUERRERO, MARINA CLEOFÉ', NULL, 'ACTIVO', '2020-03-11 18:02:44', '2020-03-11 18:04:46'),
(498, 50, 3, '2020-03-11 15:15:00', '2020-03-11 17:00:00', 'REVISIÓN DE DOCUMENTOS EN LA OFICINA DE CONSTANCIA DE PAGOS', 'AUTORIZADO', 'OK', '2020-03-11 15:08:52', 'NAVARRO PALOMINO, MARIA LOURDES', NULL, 'ACTIVO', '2020-03-11 20:06:31', '2020-03-11 20:08:52'),
(499, 42, 4, '2020-03-11 15:45:00', '2020-03-11 17:30:00', 'REUNIÓN MULTISECTORIAL DEL BICENTENARIO ( OFICIO N°033-2020-GRA/GR) GOBIERNO REGIONAL', 'AUTORIZADO', 'AUTORIZADO', '2020-03-11 15:22:43', 'MENDOZA GUERRERO, MARINA CLEOFÉ', NULL, 'ACTIVO', '2020-03-11 20:07:36', '2020-03-11 20:22:43'),
(500, 3, 3, '2020-03-11 03:15:00', '2020-03-11 04:00:00', 'PUBLICACION DE CUADRO DE MERITOS IESTP MANUEL ANTONIO HIERRO POZO', 'AUTORIZADO', 'OK', '2020-03-11 15:16:15', 'RAMOS RÍOS, JESÚS MIGUEL', NULL, 'ACTIVO', '2020-03-11 20:14:49', '2020-03-11 20:16:15'),
(501, 37, 3, '2020-03-11 03:30:00', '2020-03-11 05:00:00', 'QUEJA INTERVENCIÓN DE LA DREA EN EL PROCESO DE EVALUACION  A LA PLAZA 119431C0Y· DEL I.E.S.T. M.A.H.P. POR ORLANDO AYALA', 'AUTORIZADO', 'AUTORIZADO', '2020-03-11 15:22:58', 'MENDOZA GUERRERO, MARINA CLEOFÉ', NULL, 'ACTIVO', '2020-03-11 20:18:48', '2020-03-11 20:22:58'),
(502, 8, 1, '2020-02-11 15:45:00', '2020-02-11 17:30:00', 'PARTICULARES', 'AUTORIZADO', 'OK', '2020-03-11 15:31:35', 'RAMOS RÍOS, JESÚS MIGUEL', NULL, 'ACTIVO', '2020-03-11 20:28:19', '2020-03-11 20:31:35'),
(503, 70, 2, '2020-03-11 16:15:00', '2020-03-11 17:30:00', 'ESSALUD', 'AUTORIZADO', 'OK', '2020-03-11 16:08:36', 'BENDEZÚ PRADO, SONIA', NULL, 'ACTIVO', '2020-03-11 21:05:35', '2020-03-11 21:08:36'),
(504, 26, 1, '2020-03-12 08:40:00', '2020-03-12 09:30:00', 'REALIZAR TRAMITES PERSONALES EN LA SUNAT', 'AUTORIZADO', 'AUTORIZADO', '2020-03-12 08:42:14', 'MENDOZA GUERRERO, MARINA CLEOFÉ', NULL, 'ACTIVO', '2020-03-12 13:40:16', '2020-03-12 13:42:14'),
(505, 12, 1, '2020-03-12 10:00:00', '2020-03-12 11:00:00', 'TRAMITES PERSONALES', 'AUTORIZADO', 'OK', '2020-03-12 09:54:25', 'RAMOS RÍOS, JESÚS MIGUEL', NULL, 'ACTIVO', '2020-03-12 14:48:49', '2020-03-12 14:54:25'),
(506, 7, 3, '2020-03-12 10:15:00', '2020-03-12 12:00:00', 'UGEL HGA', 'AUTORIZADO', 'OK', '2020-03-12 09:54:14', 'RAMOS RÍOS, JESÚS MIGUEL', NULL, 'ACTIVO', '2020-03-12 14:52:58', '2020-03-12 14:54:14'),
(507, 30, 4, '2020-03-12 10:17:00', '2020-03-12 12:17:00', 'COORDINACIÓN CON INDECOPI SOBRE II.EE. PRIVADAS', 'AUTORIZADO', 'AUTORIZADO', '2020-03-12 10:19:32', 'MENDOZA GUERRERO, MARINA CLEOFÉ', NULL, 'ACTIVO', '2020-03-12 15:18:13', '2020-03-12 15:19:32'),
(508, 50, 3, '2020-03-12 10:30:00', '2020-03-12 16:30:00', 'ATENCIÓN AL OFICIO 300 SOBRE REMISIÓN DE DOCUMENTOS REQUERIDOS POR LA UGEL CANGALLO EN LA OFICINA DE CONSTANCIAS DE PAGO', 'AUTORIZADO', 'OK', '2020-03-12 10:23:28', 'NAVARRO PALOMINO, MARIA LOURDES', NULL, 'ACTIVO', '2020-03-12 15:19:55', '2020-03-12 15:23:28'),
(509, 36, 4, '2020-03-12 11:00:00', '2020-03-12 12:00:00', 'VISITA A LA UGEL HUAMANGA', 'AUTORIZADO', 'AUTORIZADO', '2020-03-12 11:00:01', 'MENDOZA GUERRERO, MARINA CLEOFÉ', NULL, 'ACTIVO', '2020-03-12 15:58:39', '2020-03-12 16:00:01'),
(510, 81, 7, '2020-03-12 15:30:00', '2020-03-12 17:00:00', 'CAPACITACIÓN CENSO EDUCATIVO 2020', 'AUTORIZADO', 'OK', '2020-03-12 15:24:55', 'BENDEZÚ PRADO, SONIA', NULL, 'ACTIVO', '2020-03-12 20:18:07', '2020-03-12 20:24:55'),
(511, 66, 4, '2020-03-13 07:30:00', '2020-03-13 09:00:00', 'CITA MEDICA EN EL ESSALUD', 'AUTORIZADO', 'OK', '2020-03-12 17:31:50', 'CASMA PINTO, ROXANA ELIZABETH', NULL, 'ACTIVO', '2020-03-12 22:21:03', '2020-03-12 22:31:50'),
(512, 68, 3, '2020-03-13 08:40:00', '2020-03-13 17:00:00', 'LEVANTAMIENTO DE INVENTARIO EN LAS INSTALACIONES  DEL IESPP \"NSL\" SANTA ELENA', 'AUTORIZADO', 'OK', '2020-03-13 08:19:41', 'BARRON MUNAILLA, MAURA', NULL, 'ACTIVO', '2020-03-13 13:17:49', '2020-03-13 13:19:41'),
(513, 101, 2, '2020-03-13 10:00:00', '2020-03-13 11:30:00', 'POR CITA MÉDICA DE MI MENOR HIJA.', 'AUTORIZADO', 'SE AUTORIZA LA SALIDA PARA SU CITA MÉDICA DE SU MENOR HIJA.', '2020-03-13 08:58:36', 'VARGAS FLORES, WILDER', NULL, 'ACTIVO', '2020-03-13 13:33:01', '2020-03-13 13:58:36'),
(514, 32, 4, '2020-03-13 08:40:00', '2020-03-13 10:00:00', 'REUNIÓN DE TRABAJO EN EL COAR INCLUSIÓN DE ESTUDIANTES CON DISCAPACIDAD', 'AUTORIZADO', 'AUTORIZADO', '2020-03-13 08:38:29', 'MENDOZA GUERRERO, MARINA CLEOFÉ', NULL, 'ACTIVO', '2020-03-13 13:35:16', '2020-03-13 13:38:29'),
(515, 90, 3, '2020-03-13 09:20:00', '2020-03-13 11:00:00', 'COORDINACIÓN CON INDECOPI SOBRE SOLICITUD DE INFORMACION SOLICITADA.', 'AUTORIZADO', 'OK', '2020-03-13 09:05:47', 'RAMOS RÍOS, JESÚS MIGUEL', NULL, 'ACTIVO', '2020-03-13 13:44:32', '2020-03-13 14:05:47'),
(516, 14, 4, '2018-03-13 09:01:00', '2018-03-13 13:30:00', 'LANZAMIENTO DE LA CAMPAÑA NACIONAL \"MUJERES NUESTRO PIS NUESTRO PODER\"', 'AUTORIZADO', 'OK', '2020-03-13 09:08:18', 'RAMOS RÍOS, JESÚS MIGUEL', NULL, 'ACTIVO', '2020-03-13 13:51:20', '2020-03-13 14:08:18'),
(517, 30, 4, '2020-03-13 10:00:00', '2020-03-13 13:00:00', 'MONITOREO A INSTITUCIONES EDUCATIVAS PRIVADAS', 'AUTORIZADO', 'OK', '2020-03-13 09:57:22', 'RAMOS RÍOS, JESÚS MIGUEL', NULL, 'ACTIVO', '2020-03-13 14:56:45', '2020-03-13 14:57:22'),
(518, 54, 4, '2020-03-13 10:10:00', '2020-03-13 10:40:00', 'COTIZACIÓN DE MATERIALES PARA PP0051', 'AUTORIZADO', 'OK.', '2020-03-13 10:09:55', 'CASMA PINTO, ROXANA ELIZABETH', NULL, 'ACTIVO', '2020-03-13 15:04:33', '2020-03-13 15:09:55'),
(519, 104, 3, '2020-03-13 16:00:00', '2020-03-13 17:00:00', 'SEGUIMIENTO ANTE EL GRA AL TRAMITE 02223051 Q ATIENDE EL IOARR DE LA IE COCAS DISTRITO DE VILCANCHOS.', 'AUTORIZADO', 'OK', '2020-03-13 16:02:40', 'BENDEZÚ PRADO, SONIA', NULL, 'ACTIVO', '2020-03-13 21:00:47', '2020-03-13 21:02:40');

-- --------------------------------------------------------

--
-- Estructura de tabla para la tabla `leavetypes`
--

CREATE TABLE `leavetypes` (
  `id` int(10) UNSIGNED NOT NULL,
  `name` varchar(128) COLLATE utf8mb4_unicode_ci NOT NULL,
  `slug` varchar(128) COLLATE utf8mb4_unicode_ci NOT NULL,
  `body` mediumtext COLLATE utf8mb4_unicode_ci,
  `status` enum('ACTIVO','SUSPENDIDO') COLLATE utf8mb4_unicode_ci NOT NULL DEFAULT 'ACTIVO',
  `created_at` timestamp NULL DEFAULT NULL,
  `updated_at` timestamp NULL DEFAULT NULL
) ENGINE=InnoDB DEFAULT CHARSET=utf8mb4 COLLATE=utf8mb4_unicode_ci;

--
-- Volcado de datos para la tabla `leavetypes`
--

INSERT INTO `leavetypes` (`id`, `name`, `slug`, `body`, `status`, `created_at`, `updated_at`) VALUES
(1, 'ASUNTOS PARTICULARES', 'asuntos-particulares', 'ES UTILIZADA ÚNICAMENTE PARA ASISTIR A REALIZAR ACTIVIDADES PROPIAS DEL TRABAJADOR, COMO MÁXIMO EL TIEMPO DE AUSENCIA ES DE 02 HORAS Y AL MES NO DEBE DE EXCEDER DE 08 HORAS. ES CONSIDERADA SIN GOCE DE HABER.', 'ACTIVO', '2019-07-02 13:05:25', '2019-11-05 19:35:17'),
(2, 'ENFERMEDAD/GRAVIDEZ', 'enfermedad-gravidez', 'ES UTILIZADA PARA ASISTIR A UNA CITA MÉDICA PROGRAMADA EN ESSALUD, MINSA (CENTRO DE SALUD) O CENTRO MÉDICO PARTICULAR. SE ACREDITA CON LA RESPECTIVA CITA MÉDICA Y LA CONSTANCIA DE ASISTENCIA.\r\n\r\nASIMISMO, PUEDE SER OTORGADA CUANDO EL/LA TRABAJADOR/A PRESENTA ALGUNA SINTOMATOLOGÍA. ES AUTORIZADA EN COORDINACIÓN CON EL ÁREA DE PERSONAL (BIENESTAR SOCIAL)', 'ACTIVO', '2019-07-02 13:05:32', '2019-11-05 19:32:27'),
(3, 'COMISIÓN DE SERVICIOS', 'comision-de-servicios', 'SE UTILIZA EXCLUSIVAMENTE CUANDO SE ASISTE A UNA ENTIDAD PÚBLICA Y/O PRIVADA EN CUMPLIMIENTO DE SUS FUNCIONES, NECESARIAMENTE SE DEBE PRESENTAR LA CONSTANCIA DE PERMANENCIA A SU RETORNO', 'ACTIVO', '2019-07-02 13:05:50', '2019-11-05 19:27:04'),
(4, 'ACTIVIDADES DE LA INSTITUCIÓN', 'actividades-de-la-institucion', 'SE UTILIZA ÚNICAMENTE PARA ASISTIR A ACTIVIDADES ORGANIZADAS POR LA INSTITUCIÓN (CAPACITACIONES, TALLERES Y SIMILARES).', 'ACTIVO', '2019-07-02 13:05:56', '2019-11-05 19:21:17'),
(5, 'DOCENCIA UNIVERSITARIA', 'docencia-universitaria', 'SE UTILIZA ÚNICAMENTE CUANDO PREVIAMENTE SE HA PRESENTADO AL ÁREA DE PERSONAL EL RESPECTIVO CONTRATO COMO DOCENTE UNIVERSITARIO Y EL HORARIO DE CLASES SUSCRITO POR LA AUTORIDAD UNIVERSITARIA CORRESPONDIENTE', 'ACTIVO', '2019-07-02 13:06:01', '2019-11-05 19:19:15'),
(6, 'ESTUDIOS UNIVERSITARIOS SATISFACTORIOS', 'estudios-universitarios-satisfactorios', 'SE UTILIZA ÚNICAMENTE CUANDO PREVIAMENTE SE HA PRESENTADO AL ÁREA DE PERSONAL EL RESPECTIVO HORARIO DE CLASES SUSCRITO POR LA AUTORIDAD UNIVERSITARIA CORRESPONDIENTE Y LA CONSTANCIA DE ESTAR REALIZANDO SUS ESTUDIOS DE MANERA SATISFACTORIA.', 'ACTIVO', '2019-07-02 13:06:06', '2019-11-05 19:17:28'),
(7, 'CAPACITACIÓN OFICIALIZADA', 'capacitacion-oficializada', 'SE UTILIZA ÚNICAMENTE CUANDO SE ASISTE A UNA CAPACITACIÓN QUE HA SIDO CONVOCADA POR LA DREA/MINEDU/GORE, SE ACREDITA CON LA RESPECTIVA INVITACIÓN Y LA CONSTANCIA DE ASISTENCIA (ES CONSIDERADA CON GOCE DE HABER).', 'ACTIVO', '2019-07-12 13:25:48', '2019-11-05 19:15:09'),
(8, 'CAPACITACIÓN  NO OFICIALIZADA', 'capacitacion-no-oficializada', 'SE UTILIZA ÚNICAMENTE CUANDO SE ASISTE A UNA CAPACITACIÓN QUE NO HA SIDO CONVOCADA POR LA DREA, SE ACREDITA CON LA RESPECTIVA CONSTANCIA DE ASISTENCIA (ES CONSIDERADA SIN GOCE DE HABER).', 'ACTIVO', '2019-07-12 13:26:06', '2019-11-05 19:13:59'),
(9, 'CITACIÓN JUDICIAL/FISCAL/MILITAR/POLICIAL', 'citacion-judicial-fiscal-militar-policial', 'SE UTILIZA ÚNICAMENTE CUANDO SE TIENE UNA CITACIÓN DEL PODER JUDICIAL, MINISTERIO PÚBLICO (FISCALÍA) O DE LA POLICÍA, SE ACREDITA CON LA RESPECTIVA NOTIFICACIÓN', 'ACTIVO', '2019-08-19 15:52:28', '2019-11-05 19:14:16');

-- --------------------------------------------------------

--
-- Estructura de tabla para la tabla `migrations`
--

CREATE TABLE `migrations` (
  `id` int(10) UNSIGNED NOT NULL,
  `migration` varchar(120) COLLATE utf8mb4_unicode_ci NOT NULL,
  `batch` int(11) NOT NULL
) ENGINE=InnoDB DEFAULT CHARSET=utf8mb4 COLLATE=utf8mb4_unicode_ci;

--
-- Volcado de datos para la tabla `migrations`
--

INSERT INTO `migrations` (`id`, `migration`, `batch`) VALUES
(240, '2013_04_15_171555_create_offices_table', 1),
(241, '2014_10_12_000000_create_users_table', 1),
(242, '2014_10_12_100000_create_password_resets_table', 1),
(243, '2015_01_20_084450_create_roles_table', 1),
(244, '2015_01_20_084525_create_role_user_table', 1),
(245, '2015_01_24_080208_create_permissions_table', 1),
(246, '2015_01_24_080433_create_permission_role_table', 1),
(247, '2015_12_04_003040_add_special_role_column', 1),
(248, '2017_10_17_170735_create_permission_user_table', 1),
(249, '2019_04_12_172112_create_products_table', 1),
(250, '2019_04_15_171137_create_leavetypes_table', 1),
(251, '2019_04_15_171211_create_leaves_table', 1);

-- --------------------------------------------------------

--
-- Estructura de tabla para la tabla `offices`
--

CREATE TABLE `offices` (
  `id` int(10) UNSIGNED NOT NULL,
  `name` varchar(128) COLLATE utf8mb4_unicode_ci NOT NULL,
  `slug` varchar(128) COLLATE utf8mb4_unicode_ci NOT NULL,
  `body` mediumtext COLLATE utf8mb4_unicode_ci,
  `status` enum('ACTIVO','SUSPENDIDO') COLLATE utf8mb4_unicode_ci NOT NULL DEFAULT 'ACTIVO',
  `created_at` timestamp NULL DEFAULT NULL,
  `updated_at` timestamp NULL DEFAULT NULL
) ENGINE=InnoDB DEFAULT CHARSET=utf8mb4 COLLATE=utf8mb4_unicode_ci;

--
-- Volcado de datos para la tabla `offices`
--

INSERT INTO `offices` (`id`, `name`, `slug`, `body`, `status`, `created_at`, `updated_at`) VALUES
(1, 'OFICINA DE ADMINISTRACIÓN/ÁREA DE PERSONAL', 'area-de-personal', NULL, 'ACTIVO', NULL, NULL),
(2, 'ÓRGANO DE DIRECCIÓN', 'organo-de-direccion', 'DIRECCIÓN', 'ACTIVO', '2019-08-26 19:31:55', '2019-08-26 19:31:55'),
(3, 'ÓRGANO DE CONTROL INSTITUCIONAL', 'organo-de-control-institucional', 'OCI', 'ACTIVO', '2019-08-26 19:32:21', '2019-08-26 19:32:21'),
(4, 'DIRECCIÓN DE GESTIÓN PEDAGÓGICA', 'direccion-de-gestion-pedagogica', 'DGP', 'ACTIVO', '2019-08-26 19:32:47', '2019-08-26 19:32:47'),
(5, 'DIRECCIÓN DE GESTIÓN INSTITUCIONAL', 'direccion-de-gestion-institucional', 'DGI', 'ACTIVO', '2019-08-26 19:33:07', '2019-08-26 19:33:07'),
(6, 'OFICINA DE ADMINISTRACIÓN', 'oficina-de-administracion', 'OA', 'ACTIVO', '2019-08-26 19:33:20', '2019-11-14 12:47:17'),
(7, 'OFICINA DE ADMINISTRACIÓN/ÁREA DE ABASTECIMIENTO Y SERVICIOS AUXLIARES', 'oficina-de-administracion-area-de-abastecimiento-y-servicios-auxliares', 'OASA', 'ACTIVO', '2019-08-26 19:33:36', '2019-08-26 19:33:36'),
(8, 'OFICINA DE ADMINISTRACIÓN/ÁREA DE CONTABILIDAD', 'oficina-de-administracion-area-de-contabilidad', 'AC', 'ACTIVO', '2019-08-26 19:33:59', '2019-11-11 19:52:29'),
(9, 'OFICINA DE ADMINISTRACIÓN/ÁREA DE CONTROL PATRIMONIAL', 'oficina-de-administracion-area-de-control-patrimonial', 'ACP', 'ACTIVO', '2019-08-26 19:34:16', '2019-11-11 19:52:38'),
(10, 'OFICINA DE ADMINISTRACIÓN/ÁREA DE INFRAESTRUCTURA', 'oficina-de-administracion-area-de-infraestructura', 'AI', 'ACTIVO', '2019-08-26 19:34:43', '2019-11-11 19:52:20'),
(11, 'OFICINA DE ADMINISTRACIÓN/ÁREA DE TESORERÍA', 'oficina-de-administracion-area-de-tesoreria', 'AT', 'ACTIVO', '2019-08-26 19:34:56', '2019-08-26 19:34:56'),
(12, 'OFICINA DE ASESORÍA JURÍDICA', 'oficina-de-asesoria-juridica', 'OAJ', 'ACTIVO', '2019-08-26 19:35:28', '2019-08-26 19:35:28'),
(13, 'ÓRGANO DE DIRECCIÓN/SECRETARÍA GENERAL', 'organo-de-direccion-secretaria-general', 'DIR/SG', 'ACTIVO', '2019-08-26 19:36:12', '2019-08-26 19:36:12');

-- --------------------------------------------------------

--
-- Estructura de tabla para la tabla `password_resets`
--

CREATE TABLE `password_resets` (
  `email` varchar(128) COLLATE utf8mb4_unicode_ci NOT NULL,
  `token` varchar(120) COLLATE utf8mb4_unicode_ci NOT NULL,
  `created_at` timestamp NULL DEFAULT NULL
) ENGINE=InnoDB DEFAULT CHARSET=utf8mb4 COLLATE=utf8mb4_unicode_ci;

-- --------------------------------------------------------

--
-- Estructura de tabla para la tabla `permissions`
--

CREATE TABLE `permissions` (
  `id` int(10) UNSIGNED NOT NULL,
  `name` varchar(120) COLLATE utf8mb4_unicode_ci NOT NULL,
  `slug` varchar(120) COLLATE utf8mb4_unicode_ci NOT NULL,
  `description` text COLLATE utf8mb4_unicode_ci,
  `created_at` timestamp NULL DEFAULT NULL,
  `updated_at` timestamp NULL DEFAULT NULL
) ENGINE=InnoDB DEFAULT CHARSET=utf8mb4 COLLATE=utf8mb4_unicode_ci;

--
-- Volcado de datos para la tabla `permissions`
--

INSERT INTO `permissions` (`id`, `name`, `slug`, `description`, `created_at`, `updated_at`) VALUES
(1, 'Navegar usuarios', 'users.index', 'Lista y navega todos los usuarios del sistema', '2019-07-02 13:00:12', '2019-07-02 13:00:12'),
(2, 'Ver detalle de usuarios', 'users.show', 'Ver en detalle cada usuario del sistema', '2019-07-02 13:00:12', '2019-07-02 13:00:12'),
(3, 'Edicion de usuarios', 'users.edit', 'Edita cualquier dato de un usuario del sistema', '2019-07-02 13:00:12', '2019-07-02 13:00:12'),
(4, 'Eliminar usuarios', 'users.destroy', 'Elimina cualquier usuario del sistema', '2019-07-02 13:00:12', '2019-07-02 13:00:12'),
(5, 'Navegar roles', 'roles.index', 'Lista y navega todos los roles del sistema', '2019-07-02 13:00:12', '2019-07-02 13:00:12'),
(6, 'Ver detalle de rol', 'roles.show', 'Ver en detalle cada rol del sistema', '2019-07-02 13:00:12', '2019-07-02 13:00:12'),
(7, 'Creacion de rol', 'roles.create', 'Crear un rol del sistema', '2019-07-02 13:00:12', '2019-07-02 13:00:12'),
(8, 'Edicion de roles', 'roles.edit', 'Edita cualquier dato de un usuario del sistema', '2019-07-02 13:00:12', '2019-07-02 13:00:12'),
(9, 'Eliminar rol', 'roles.destroy', 'Elimina cualquier rol del sistema', '2019-07-02 13:00:12', '2019-07-02 13:00:12'),
(10, 'Navegar productos', 'products.index', 'Lista y navega todos los productos del sistema', '2019-07-02 13:00:12', '2019-07-02 13:00:12'),
(11, 'Ver detalle de producto', 'products.show', 'Ver en detalle cada producto del sistema', '2019-07-02 13:00:12', '2019-07-02 13:00:12'),
(12, 'Creacion de productos', 'products.create', 'Crear un producto del sistema', '2019-07-02 13:00:12', '2019-07-02 13:00:12'),
(13, 'Edicion de productos', 'products.edit', 'Edita cualquier producto del sistema', '2019-07-02 13:00:12', '2019-07-02 13:00:12'),
(14, 'Eliminar producto', 'products.destroy', 'Elimina cualquier producto del sistema', '2019-07-02 13:00:12', '2019-07-02 13:00:12'),
(15, 'Navegar oficinas', 'offices.index', 'Lista y navega todos las oficinas', '2019-07-02 13:00:12', '2019-07-02 13:00:12'),
(16, 'Ver detalle de oficinas', 'offices.show', 'Ver en detalle una oficina', '2019-07-02 13:00:12', '2019-07-02 13:00:12'),
(17, 'Creacion de oficinas', 'offices.create', 'Crear una oficina', '2019-07-02 13:00:12', '2019-07-02 13:00:12'),
(18, 'Edicion de oficinas', 'offices.edit', 'Edita cualquier dato de una oficina', '2019-07-02 13:00:12', '2019-07-02 13:00:12'),
(19, 'Eliminar oficinas', 'offices.destroy', 'Elimina cualquier tipo de oficina', '2019-07-02 13:00:12', '2019-07-02 13:00:12'),
(20, 'Navegar tipo de papeletas', 'leavetypes.index', 'Lista y navega todos los tipos de papeletas', '2019-07-02 13:00:12', '2019-07-02 13:00:12'),
(21, 'Ver detalle de tipo de papeleta', 'leavetypes.show', 'Ver en detalle tipo de papeleta', '2019-07-02 13:00:12', '2019-07-02 13:00:12'),
(22, 'Creacion de tipo de papeleta', 'leavetypes.create', 'Crear un tipo de papeleta', '2019-07-02 13:00:12', '2019-07-02 13:00:12'),
(23, 'Edicion de tipo de papeleta', 'leavetypes.edit', 'Edita cualquier dato de un tipo de papeleta', '2019-07-02 13:00:12', '2019-07-02 13:00:12'),
(24, 'Eliminar tipo de papeleta', 'leavetypes.destroy', 'Elimina cualquier tipo de papeleta del sistema', '2019-07-02 13:00:12', '2019-07-02 13:00:12'),
(25, 'Navegar papeletas', 'leaves.index', 'Lista y navega todos las  papeletas', '2019-07-02 13:00:12', '2019-07-02 13:00:12'),
(26, 'Ver detalle de una papeleta', 'leaves.show', 'Ver en detalle una papeleta', '2019-07-02 13:00:12', '2019-07-02 13:00:12'),
(27, 'Creacion de una papeleta', 'leaves.create', 'Crear una papeleta', '2019-07-02 13:00:12', '2019-07-02 13:00:12'),
(28, 'Edicion de papeleta', 'leaves.edit', 'Edita cualquier dato de papeleta', '2019-07-02 13:00:12', '2019-07-02 13:00:12'),
(29, 'Eliminar  papeleta', 'leaves.destroy', 'Elimina cualquier papeleta del sistema', '2019-07-02 13:00:12', '2019-07-02 13:00:12'),
(30, 'Imprimir  papeleta', 'leaves.pdf', 'Imprimir la papeleta de salida.', '2019-07-02 13:00:12', '2019-07-02 13:00:12'),
(31, 'Navegar evaluacion papeletas', 'evaluations.index', 'Lista y navega todos las  papeletas', '2019-07-02 13:00:12', '2019-07-02 13:00:12'),
(32, 'Ver detalle de evaluacion de una papeleta', 'evaluations.show', 'Ver en detalle una papeleta', '2019-07-02 13:00:12', '2019-07-02 13:00:12'),
(33, 'Evaluacion de papeleta', 'evaluations.edit', 'Evaluacion de papeleta', '2019-07-02 13:00:12', '2019-07-02 13:00:12');

-- --------------------------------------------------------

--
-- Estructura de tabla para la tabla `permission_role`
--

CREATE TABLE `permission_role` (
  `id` int(10) UNSIGNED NOT NULL,
  `permission_id` int(10) UNSIGNED NOT NULL,
  `role_id` int(10) UNSIGNED NOT NULL,
  `created_at` timestamp NULL DEFAULT NULL,
  `updated_at` timestamp NULL DEFAULT NULL
) ENGINE=InnoDB DEFAULT CHARSET=utf8mb4 COLLATE=utf8mb4_unicode_ci;

--
-- Volcado de datos para la tabla `permission_role`
--

INSERT INTO `permission_role` (`id`, `permission_id`, `role_id`, `created_at`, `updated_at`) VALUES
(1, 25, 2, '2019-07-02 13:07:36', '2019-07-02 13:07:36'),
(2, 26, 2, '2019-07-02 13:07:36', '2019-07-02 13:07:36'),
(3, 27, 2, '2019-07-02 13:07:36', '2019-07-02 13:07:36'),
(4, 28, 2, '2019-07-02 13:07:36', '2019-07-02 13:07:36'),
(5, 29, 2, '2019-07-02 13:07:36', '2019-07-02 13:07:36'),
(6, 30, 2, '2019-07-02 13:07:36', '2019-07-02 13:07:36'),
(7, 31, 3, '2019-07-02 13:08:38', '2019-07-02 13:08:38'),
(8, 32, 3, '2019-07-02 13:08:38', '2019-07-02 13:08:38'),
(9, 33, 3, '2019-07-02 13:08:38', '2019-07-02 13:08:38'),
(10, 31, 4, '2019-11-14 03:27:52', '2019-11-14 03:27:52'),
(11, 32, 4, '2019-11-14 03:27:52', '2019-11-14 03:27:52'),
(12, 33, 4, '2019-11-14 03:27:52', '2019-11-14 03:27:52');

-- --------------------------------------------------------

--
-- Estructura de tabla para la tabla `permission_user`
--

CREATE TABLE `permission_user` (
  `id` int(10) UNSIGNED NOT NULL,
  `permission_id` int(10) UNSIGNED NOT NULL,
  `user_id` int(10) UNSIGNED NOT NULL,
  `created_at` timestamp NULL DEFAULT NULL,
  `updated_at` timestamp NULL DEFAULT NULL
) ENGINE=InnoDB DEFAULT CHARSET=utf8mb4 COLLATE=utf8mb4_unicode_ci;

-- --------------------------------------------------------

--
-- Estructura de tabla para la tabla `products`
--

CREATE TABLE `products` (
  `id` int(10) UNSIGNED NOT NULL,
  `name` varchar(120) COLLATE utf8mb4_unicode_ci NOT NULL,
  `description` varchar(120) COLLATE utf8mb4_unicode_ci NOT NULL,
  `created_at` timestamp NULL DEFAULT NULL,
  `updated_at` timestamp NULL DEFAULT NULL
) ENGINE=InnoDB DEFAULT CHARSET=utf8mb4 COLLATE=utf8mb4_unicode_ci;

-- --------------------------------------------------------

--
-- Estructura de tabla para la tabla `roles`
--

CREATE TABLE `roles` (
  `id` int(10) UNSIGNED NOT NULL,
  `name` varchar(120) COLLATE utf8mb4_unicode_ci NOT NULL,
  `slug` varchar(120) COLLATE utf8mb4_unicode_ci NOT NULL,
  `description` text COLLATE utf8mb4_unicode_ci,
  `created_at` timestamp NULL DEFAULT NULL,
  `updated_at` timestamp NULL DEFAULT NULL,
  `special` enum('all-access','no-access') COLLATE utf8mb4_unicode_ci DEFAULT NULL
) ENGINE=InnoDB DEFAULT CHARSET=utf8mb4 COLLATE=utf8mb4_unicode_ci;

--
-- Volcado de datos para la tabla `roles`
--

INSERT INTO `roles` (`id`, `name`, `slug`, `description`, `created_at`, `updated_at`, `special`) VALUES
(1, 'Admin', 'admin', NULL, '2019-07-02 13:00:12', '2019-07-02 13:00:12', 'all-access'),
(2, 'EMPLEADOS', 'empleados', 'EMPLEADOS', '2019-07-02 13:07:36', '2019-07-02 13:07:36', NULL),
(3, 'RESPONSABLE DE OFICINA', 'responsable-de-oficina', NULL, '2019-07-02 13:08:38', '2019-07-02 13:08:38', NULL),
(4, 'ADMINISTRADOR ALTERNO', 'administrador-alterno', 'RESPONSABLE CUANDO EL ADMINISTRADOR NO SE ENCUENTRA', '2019-11-14 03:27:52', '2019-11-14 03:27:52', NULL);

-- --------------------------------------------------------

--
-- Estructura de tabla para la tabla `role_user`
--

CREATE TABLE `role_user` (
  `id` int(10) UNSIGNED NOT NULL,
  `role_id` int(10) UNSIGNED NOT NULL,
  `user_id` int(10) UNSIGNED NOT NULL,
  `created_at` timestamp NULL DEFAULT NULL,
  `updated_at` timestamp NULL DEFAULT NULL
) ENGINE=InnoDB DEFAULT CHARSET=utf8mb4 COLLATE=utf8mb4_unicode_ci;

--
-- Volcado de datos para la tabla `role_user`
--

INSERT INTO `role_user` (`id`, `role_id`, `user_id`, `created_at`, `updated_at`) VALUES
(290, 2, 19, '2019-09-06 20:13:40', '2019-09-06 20:13:40'),
(291, 3, 19, '2019-09-06 20:14:38', '2019-09-06 20:14:38'),
(292, 2, 20, '2019-09-19 21:15:58', '2019-09-19 21:15:58'),
(293, 2, 21, '2019-09-19 21:16:48', '2019-09-19 21:16:48'),
(294, 2, 22, '2019-09-19 21:16:54', '2019-09-19 21:16:54'),
(295, 2, 23, '2019-09-19 21:17:42', '2019-09-19 21:17:42'),
(296, 2, 24, '2019-09-19 21:18:02', '2019-09-19 21:18:02'),
(297, 2, 25, '2019-09-19 21:18:24', '2019-09-19 21:18:24'),
(298, 2, 26, '2019-09-19 21:18:33', '2019-09-19 21:18:33'),
(299, 2, 27, '2019-09-19 21:19:58', '2019-09-19 21:19:58'),
(300, 3, 24, '2019-09-19 21:20:36', '2019-09-19 21:20:36'),
(301, 2, 28, '2019-09-19 21:46:06', '2019-09-19 21:46:06'),
(302, 3, 28, '2019-09-19 21:48:17', '2019-09-19 21:48:17'),
(303, 2, 29, '2019-09-19 21:49:26', '2019-09-19 21:49:26'),
(304, 2, 30, '2019-09-19 21:49:41', '2019-09-19 21:49:41'),
(305, 2, 31, '2019-09-19 21:49:48', '2019-09-19 21:49:48'),
(306, 2, 32, '2019-09-19 21:52:11', '2019-09-19 21:52:11'),
(307, 2, 33, '2019-09-19 21:53:31', '2019-09-19 21:53:31'),
(308, 2, 34, '2019-09-20 13:19:53', '2019-09-20 13:19:53'),
(309, 2, 35, '2019-09-20 13:24:42', '2019-09-20 13:24:42'),
(310, 2, 36, '2019-09-20 13:32:46', '2019-09-20 13:32:46'),
(311, 2, 37, '2019-09-20 14:20:02', '2019-09-20 14:20:02'),
(312, 2, 38, '2019-09-23 13:08:49', '2019-09-23 13:08:49'),
(313, 2, 39, '2019-09-23 13:12:28', '2019-09-23 13:12:28'),
(314, 2, 40, '2019-09-23 16:29:23', '2019-09-23 16:29:23'),
(315, 2, 41, '2019-09-23 17:59:26', '2019-09-23 17:59:26'),
(316, 2, 42, '2019-09-26 14:17:38', '2019-09-26 14:17:38'),
(317, 2, 43, '2019-10-02 12:40:46', '2019-10-02 12:40:46'),
(318, 2, 44, '2019-10-03 15:07:30', '2019-10-03 15:07:30'),
(319, 2, 45, '2019-10-03 17:20:59', '2019-10-03 17:20:59'),
(320, 2, 46, '2019-10-10 15:11:44', '2019-10-10 15:11:44'),
(321, 2, 47, '2019-10-14 13:56:14', '2019-10-14 13:56:14'),
(323, 2, 48, '2019-10-28 17:41:49', '2019-10-28 17:41:49'),
(324, 2, 49, '2019-10-28 18:03:05', '2019-10-28 18:03:05'),
(333, 2, 54, '2019-11-11 16:07:18', '2019-11-11 16:07:18'),
(334, 2, 55, '2019-11-11 16:07:32', '2019-11-11 16:07:32'),
(335, 2, 56, '2019-11-11 16:08:58', '2019-11-11 16:08:58'),
(336, 2, 57, '2019-11-11 16:10:06', '2019-11-11 16:10:06'),
(337, 3, 54, '2019-11-11 16:10:21', '2019-11-11 16:10:21'),
(338, 2, 58, '2019-11-11 16:10:33', '2019-11-11 16:10:33'),
(339, 2, 59, '2019-11-11 16:10:54', '2019-11-11 16:10:54'),
(341, 2, 61, '2019-11-12 14:30:16', '2019-11-12 14:30:16'),
(342, 2, 62, '2019-11-12 15:20:42', '2019-11-12 15:20:42'),
(343, 2, 63, '2019-11-12 15:21:48', '2019-11-12 15:21:48'),
(344, 2, 64, '2019-11-12 15:24:50', '2019-11-12 15:24:50'),
(345, 2, 65, '2019-11-12 15:25:37', '2019-11-12 15:25:37'),
(346, 2, 66, '2019-11-12 15:31:19', '2019-11-12 15:31:19'),
(347, 2, 67, '2019-11-12 15:41:15', '2019-11-12 15:41:15'),
(349, 2, 68, '2019-11-12 16:41:28', '2019-11-12 16:41:28'),
(350, 2, 69, '2019-11-13 17:41:53', '2019-11-13 17:41:53'),
(392, 4, 67, '2019-11-14 12:48:19', '2019-11-14 12:48:19'),
(393, 3, 63, '2019-11-14 12:48:51', '2019-11-14 12:48:51'),
(394, 3, 62, '2019-11-14 12:49:57', '2019-11-14 12:49:57'),
(397, 2, 72, '2019-11-19 15:54:07', '2019-11-19 15:54:07'),
(398, 3, 71, '2019-11-19 15:54:55', '2019-11-19 15:54:55'),
(399, 2, 73, '2019-11-19 15:55:06', '2019-11-19 15:55:06'),
(400, 2, 74, '2019-11-19 15:56:50', '2019-11-19 15:56:50'),
(401, 2, 71, '2019-11-19 15:57:20', '2019-11-19 15:57:20'),
(488, 2, 50, NULL, NULL),
(489, 2, 51, NULL, NULL),
(490, 2, 52, NULL, NULL),
(491, 3, 52, NULL, NULL),
(492, 2, 53, NULL, NULL),
(493, 2, 60, NULL, NULL),
(494, 3, 60, NULL, NULL),
(497, 2, 70, NULL, NULL),
(498, 2, 75, NULL, NULL),
(499, 2, 76, NULL, NULL),
(500, 2, 77, NULL, NULL),
(501, 3, 77, NULL, NULL),
(502, 2, 78, NULL, NULL),
(503, 2, 79, NULL, NULL),
(504, 2, 80, NULL, NULL),
(505, 2, 81, NULL, NULL),
(506, 2, 82, NULL, NULL),
(507, 2, 83, NULL, NULL),
(508, 2, 84, NULL, NULL),
(509, 2, 85, NULL, NULL),
(510, 2, 86, NULL, NULL),
(511, 2, 87, NULL, NULL),
(512, 3, 87, NULL, NULL),
(513, 2, 88, '2019-12-04 16:16:53', '2019-12-04 16:16:53'),
(514, 2, 89, '2019-12-04 16:17:12', '2019-12-04 16:17:12'),
(515, 2, 90, '2019-12-04 16:18:28', '2019-12-04 16:18:28'),
(516, 3, 90, '2019-12-04 16:18:45', '2019-12-04 16:18:45'),
(517, 2, 91, '2019-12-04 16:53:21', '2019-12-04 16:53:21'),
(518, 2, 92, '2019-12-10 21:20:08', '2019-12-10 21:20:08'),
(521, 2, 95, '2019-12-18 20:19:11', '2019-12-18 20:19:11'),
(526, 2, 96, NULL, NULL),
(527, 2, 97, NULL, NULL),
(528, 2, 98, NULL, NULL),
(529, 3, 98, NULL, NULL),
(530, 2, 99, '2019-12-18 20:40:33', '2019-12-18 20:40:33'),
(631, 2, 93, NULL, NULL),
(632, 2, 100, NULL, NULL),
(633, 3, 100, NULL, NULL),
(634, 2, 101, '2020-01-09 22:13:41', '2020-01-09 22:13:41'),
(635, 2, 102, '2020-01-22 20:30:26', '2020-01-22 20:30:26'),
(753, 1, 1, NULL, NULL),
(754, 2, 2, NULL, NULL),
(755, 2, 3, NULL, NULL),
(756, 2, 4, NULL, NULL),
(757, 2, 5, NULL, NULL),
(758, 2, 6, NULL, NULL),
(759, 2, 7, NULL, NULL),
(760, 2, 8, NULL, NULL),
(761, 2, 9, NULL, NULL),
(762, 1, 10, NULL, NULL),
(763, 2, 11, NULL, NULL),
(765, 2, 12, NULL, NULL),
(766, 2, 13, NULL, NULL),
(767, 2, 14, NULL, NULL),
(768, 2, 15, NULL, NULL),
(769, 2, 16, NULL, NULL),
(770, 2, 17, NULL, NULL),
(771, 2, 18, NULL, NULL),
(773, 2, 103, '2020-02-18 14:26:38', '2020-02-18 14:26:38'),
(774, 2, 104, '2020-03-03 21:40:12', '2020-03-03 21:40:12'),
(775, 2, 105, '2020-03-09 13:47:46', '2020-03-09 13:47:46'),
(776, 2, 106, '2020-03-13 12:39:00', '2020-03-13 12:39:00');

-- --------------------------------------------------------

--
-- Estructura de tabla para la tabla `users`
--

CREATE TABLE `users` (
  `id` int(10) UNSIGNED NOT NULL,
  `name` varchar(120) COLLATE utf8mb4_unicode_ci NOT NULL,
  `email` varchar(128) COLLATE utf8mb4_unicode_ci NOT NULL,
  `password` varchar(120) COLLATE utf8mb4_unicode_ci NOT NULL,
  `dni` varchar(120) COLLATE utf8mb4_unicode_ci NOT NULL,
  `ap_paterno` varchar(120) COLLATE utf8mb4_unicode_ci NOT NULL,
  `ap_materno` varchar(120) COLLATE utf8mb4_unicode_ci NOT NULL,
  `gender` varchar(120) COLLATE utf8mb4_unicode_ci NOT NULL,
  `f_birth` varchar(120) COLLATE utf8mb4_unicode_ci NOT NULL,
  `office_id` int(10) UNSIGNED NOT NULL,
  `position` varchar(120) COLLATE utf8mb4_unicode_ci NOT NULL,
  `regime` enum('DECRETO LEGISLATIVO N° 276','DECRETO LEGISLATIVO N° 1057','DECRETO LEGISLATIVO N° 728','LEY N° 29944','LEY N° 30512','LEY N° 30328','LEY N° 30493') COLLATE utf8mb4_unicode_ci NOT NULL DEFAULT 'DECRETO LEGISLATIVO N° 276',
  `phone` varchar(120) COLLATE utf8mb4_unicode_ci NOT NULL,
  `status` enum('ACTIVO','SUSPENDIDO') COLLATE utf8mb4_unicode_ci NOT NULL DEFAULT 'ACTIVO',
  `remember_token` varchar(100) COLLATE utf8mb4_unicode_ci DEFAULT NULL,
  `created_at` timestamp NULL DEFAULT NULL,
  `updated_at` timestamp NULL DEFAULT NULL
) ENGINE=InnoDB DEFAULT CHARSET=utf8mb4 COLLATE=utf8mb4_unicode_ci;

--
-- Volcado de datos para la tabla `users`
--

INSERT INTO `users` (`id`, `name`, `email`, `password`, `dni`, `ap_paterno`, `ap_materno`, `gender`, `f_birth`, `office_id`, `position`, `regime`, `phone`, `status`, `remember_token`, `created_at`, `updated_at`) VALUES
(1, 'YIMY DAVID', 'yimydavidhc@gmail.com', '$2y$10$Poxb4Uq8IJtGN.3BX6mmNeWl4BXOFoVpKHiQtTAVRCPbAsum3G9JG', '70037833', 'HUAMANCUSI', 'CAMPOS', 'MASCULINO', '1996-05-19', 1, 'SOPORTE TÉCNICO', 'DECRETO LEGISLATIVO N° 276', '966190596', 'ACTIVO', 'AfXOgg8p3H5Gwd6PbyD3zFSctnkgnzbOd6yc0OTvUrUPDCUfzyaykmrq70yG', '2019-07-02 13:03:58', '2019-07-02 13:03:58'),
(2, 'AXELL ALBERTO', 'AXELL.NAVA92@GMAIL.Com', '$2y$10$qcxeVvBZqpL3Ra4yetJhEuEz0izw7VHtQ9oJteYz6zOLXQ1NDWBt2', '72830344', 'ÑACARI', 'VALVERDE', 'MASCULINO', '1992-02-23', 1, 'RESPONSABLE DE INFORMÁTICA', 'DECRETO LEGISLATIVO N° 276', '991645850', 'ACTIVO', 'Oq6QgDHcq2iLUq3FdeYD7Mt1Z4qcWPFGnWBgT9cLvC7VWKXswhM4PG2RHKh5', '2019-07-02 13:10:45', '2019-07-02 13:10:45'),
(3, 'ELIZABETH', 'EQUISPEJURADO@GMAIL.COM', '$2y$10$G3z5iPaI3AdEjjhEyS7yGuTGWwr4UgtjPvv7G8SFsWBCiI7DhBflq', '43248928', 'QUISPE', 'JURADO', 'FEMENINO', '1985-08-15', 1, 'TECNICO ADMINISTRATIVO II', 'DECRETO LEGISLATIVO N° 276', '91045779', 'ACTIVO', 'zRqHboAapNTEsQvOdoQGCTrhsuROF28WeSTbWFjrFzPp5EI2nCq4qUVP4WsM', '2019-07-02 13:57:39', '2019-07-02 13:57:39'),
(4, 'NAPOLEON', 'NAPOLEONMF@HOTMAIL.COm', '$2y$10$THe0bKB36PVxZGwEfGBg4u7l/4Yj0h.r1hXg65wpyiqo7dDSQ65Hu', '42095338', 'MARTINEZ', 'FERNANDEZ', 'MASCULINO', '1980-02-17', 1, 'ASISTENTE SECRETARIA TÉCNICA - PAD', 'DECRETO LEGISLATIVO N° 276', '966745759', 'ACTIVO', 'uu0EAdB4blvqUpdkVfCYtZrZjI6huxzGcsdjJyNmi3h0fcZgrRz70x4SOp1T', '2019-07-02 16:36:44', '2019-07-02 16:36:44'),
(5, 'YOEL', 'yoelsullca@gmail.com', '$2y$10$18aFp/ODZ3uawTLSSROYkO4aYF3pYbQ5NUu/YMfkSMIW0Wj..v1Yi', '41973100', 'SULLCARAYME', 'CAYAMPI', 'MASCULINO', '1980-02-13', 1, 'TÉCNICO ADMINISTRATIVO', 'DECRETO LEGISLATIVO N° 276', '996890567', 'ACTIVO', 'ptqxtec7Bjni65y36eq39AdjyYHMMTUikLwUCZcBHjddAJfbuTsoObWZBKpK', '2019-07-02 19:31:17', '2020-01-31 15:40:19'),
(6, 'LUIS ALBERTO', 'zmluchoa@hotmail.com', '$2y$10$kSla4ZsMryWUV12Thnhs4eWwnoyyLvIbOuR2Hk7M9Q1LZvPPoaXaK', '28207193', 'ZEA', 'MEDINA', 'MASCULINO', '1953-09-13', 1, 'SECRETARIO TÉCNICO - PAD', 'DECRETO LEGISLATIVO N° 276', '966994242', 'ACTIVO', 'xInJKXWA9hMSxIGFP68fP3HoLFTjbTJJeUbdDE58K0wHZCzJPCBgfSUQ1nlO', '2019-07-02 22:16:58', '2019-07-02 22:16:58'),
(7, 'JOSE LUIS', 'JOSUIL9_TOMASEVICH@HOTMAIL.COM', '$2y$10$6rbT.clKaMVrVy.VMKHwZuPA5cqg6go0g3utx7A6beN5KXjqcmAS6', '40431885', 'BENDEZU', 'TOMASEVICH', 'MASCULINO', '09/09/1977', 1, 'ASISTENTE', 'DECRETO LEGISLATIVO N° 276', '966-847-908', 'ACTIVO', 'RvxXtgeU9u7ux0h4o2SQInU40vUxgilXXhsCUXAGCJttoCaIp81QgDZ0v0nv', '2019-07-03 14:10:49', '2019-07-03 14:10:49'),
(8, 'EDWIN CESAR', 'cmendoza250@hotmail.com', '$2y$10$mo3BgZ3BEATzdC.rguAede2TIx0oLypPJ7nRxMdXyuTAwJfJj2v5C', '41609817', 'MENDOZA', 'TORRES', 'MASCULINO', '1982-03-13', 1, 'ANALISTA DE SISTEMAS PAD Ii', 'DECRETO LEGISLATIVO N° 276', '952203327', 'ACTIVO', '0DRAedO1LmpY2k1irt9LPaeP5SQYvFSBc1G069eQGxFjPwVJGSC4q0Cmymtg', '2019-07-04 16:01:45', '2019-07-04 16:01:45'),
(9, 'ORLANDO', 'OLEON1958@HOTMAIL.COM', '$2y$10$zyvREKiO5vCZT8CV1dSA3eA23tiQDhwEGNYZK2SYZ1EjOlEtwvevO', '28299965', 'LEON', 'ÑAUPA', 'MASCULINO', '12/04/1958', 1, 'TÉCNICO ADMINISTRATIVO II', 'DECRETO LEGISLATIVO N° 276', '935-625-979', 'ACTIVO', 'wp19xopcyNt6FTpCnVbagA9kkm6EHJNYzg4u2plIqkskmOhLUq7HdnygkZhB', '2019-07-04 16:14:20', '2019-07-04 16:14:20'),
(10, 'JESÚS MIGUEL', 'JMRAMOSRIOS@GMAIL.COM', '$2y$10$ejA5c4e68ZK2DGuke8MElepD3kJX/5skDHmhLN8cBGSY.ekga..tK', '09398998', 'RAMOS', 'RÍOS', 'MASCULINO', '22/10/1969', 1, 'ESPECIALISTA ADMINISTRATIVO II', 'DECRETO LEGISLATIVO N° 276', '940-020-498', 'ACTIVO', 'zhv965LnP3kCxGHwKgA1Ef9oUFdFIMrcOSfgfKzv6kh4OT8qy7VI8NALrvUx', '2019-07-05 12:50:02', '2019-11-13 20:09:29'),
(11, 'ROSALÍA ESTHER', 'REMENDOZAORE@GMAIL.COM', '$2y$10$bnbhIHY6q2fNB0BXIiUZ3erzJ2pHySgiQh.n1OrPlbJqPsEkJwkc6', '20019079', 'MENDOZA', 'ORE', 'FEMENINO', '1969-04-26', 1, 'TÉCNICO ADMINISTRACIÓN', 'DECRETO LEGISLATIVO N° 276', '925200722', 'ACTIVO', '2tpudyTh0zb0vrEhwkLjvt7ZQcw2bq2Rngy10cX9d2qHxtdyKBrBIentx2Xq', '2019-07-08 13:51:21', '2019-07-08 13:51:21'),
(12, 'JORGE LUIS', 'MAY30_2008@HOTMAIL.COM', '$2y$10$/Of8XZTD5s8DbFlAq5blJO4Yhkyq.w18qXhJxQg4WRMuvXyOqXRtC', '47006719', 'RENGIFO', 'RODRIGUEZ', 'MASCULINO', '1991-05-02', 1, 'AISTENTE', 'DECRETO LEGISLATIVO N° 276', '959449388', 'ACTIVO', NULL, '2019-07-08 15:27:22', '2019-07-08 15:27:22'),
(13, 'ROXANA YENIFER', 'chanita.inolvidable@gmail.com', '$2y$10$e0s1fp7KP5ONieas94x.q.qaej1g6B9HpWKkQG90tpOuECY3jW.4e', '71893385', 'CARDENAS', 'TUPIA', 'FEMENINO', '1994-05-01', 1, 'SECRETARIA', 'DECRETO LEGISLATIVO N° 276', '921201696', 'ACTIVO', 'IW9xcGtfExPfR5qTUjCwjMEUNgFZCmeyd5F3IudI1QggZQZchSA40EzlX94M', '2019-07-08 19:52:48', '2019-07-22 20:39:44'),
(14, 'MARÍA LUZ', 'perayacucho@yahoo.es', '$2y$10$mt7XC2/oM0d67hFssJomKe7Q7as3KUdHUcZfHTE2bXWr6yh95RyCC', '28270272', 'MONTES DE OCA', 'ALCARRAZ', 'FEMENINO', '1954-10-08', 1, 'ASISTENTA SOCIAl', 'DECRETO LEGISLATIVO N° 276', '986056210', 'ACTIVO', '3bUU6jXk1Iv4GffJ1b4jdnOsW1J4xKGC5mfFobkKDAOyzjYXWWhYvDCH6OI6', '2019-07-10 16:00:22', '2019-07-10 16:00:22'),
(15, 'NIMER EDUARDO', 'NEGUERE03@GAMIL.COM', '$2y$10$Tnl3JXmjAvUtmI3E.UK7sO92IRzoG2ypvUT0.eyhuITnpmoi6kWDO', '43144347', 'CHAVEZ', 'GÜERE', 'MASCULINO', '1979-11-03', 1, 'TÉCNICO ADMINISTRATIVO', 'DECRETO LEGISLATIVO N° 276', '990440884', 'ACTIVO', NULL, '2019-07-12 13:18:05', '2019-07-12 13:18:05'),
(16, 'MARKO ANTONIO', 'MAVA2015@GMAIL.COm', '$2y$10$Uk6ANjFpRFUeNa/kN.Yx6ur1HoHbja8.vdmI0/jd2Df0HcnzcmKya', '41868142', 'VICENTE', 'ATAURIMA', 'MASCULINO', '1983-03-20', 1, 'SECRETARIO', 'DECRETO LEGISLATIVO N° 276', '972850948', 'ACTIVO', 'Zt9cOCgddd1lPhMqPzlJKS7f5njaw15QhZhiNA6Niz7N46tbTSKMyadPFhSR', '2019-07-17 20:09:20', '2019-07-17 20:09:20'),
(17, 'GLORIA UMBELINA', 'GLORIAPCH0506@GMAIL.COM', '$2y$10$wtDwHkJ8SniGEv3aFalQg.Tj60Ew4juT1oZYxg5iyVXON4gIFngxG', '28202647', 'PACHECO', 'CHUCHON', 'FEMENINO', '1959-06-05', 1, 'RESPONSABLE DEL EQUIPO DE ESCALAFONY PENSIONES', 'DECRETO LEGISLATIVO N° 276', '995620041', 'ACTIVO', NULL, '2019-07-19 16:05:08', '2019-07-19 16:05:08'),
(18, 'JUDY SILVIA', 'JUDYBENITES@HOTMAIL.COM', '$2y$10$YEwhRQMI7hdUyg0AnzrhTOe5c.ZizzJPniFkq0PRFPiEP052UCJjO', '28315535', 'BENITES', 'SALAZAR', 'FEMENINO', '1977-09-17', 1, 'APOYO DEL EQUIPO DE ESCALAFÓN Y PENSIONES', 'DECRETO LEGISLATIVO N° 276', '990900319', 'SUSPENDIDO', 'hVmytzXnr5rUCwhftUrvAZ6cxp2X84U2IRBjwUKasWpAzjwWpUOtIajnTiU0', '2019-07-22 16:03:35', '2020-02-18 12:42:07'),
(19, 'LEONCIO', 'LEONCIOREYES1970@GMAIL.COm', '$2y$10$rSY88ivdxbKnIDdewup6N.jXn9DLn13Blce5vJ2EyPkInhnY.RXmi', '20047836', 'REYES', 'BENITES', 'MASCULINO', '1970-04-25', 4, 'DIRECTOR DE GESTIÓN PEDAGÓGICA', 'LEY N° 29944', '951930715', 'ACTIVO', NULL, '2019-09-06 20:13:40', '2019-09-06 20:13:40'),
(20, 'KATTIA', 'KHUAMANIP@GMAIL.COm', '$2y$10$WzU8yi3zCjamT0hx0FLsZ..GPc8xtyu81JpnZ4ONeldXsbdhrF8.2', '40445787', 'HUAMANI', 'PARIONA', 'FEMENINO', '1979-12-24', 4, 'GESTORA REGIONAL', 'DECRETO LEGISLATIVO N° 1057', '989173698', 'SUSPENDIDO', 'geCFukOUe8mLI8n2dRJZFnflNNhgiRYNNgpOAl78xjOa8uU2NqdWX7eRk1Kr', '2019-09-19 21:15:58', '2020-02-18 12:41:47'),
(21, 'ROCKY', 'LIC.ROCKY.PM@GMAIL.COm', '$2y$10$wQZzvqNq.Xa0i7xQPSCFAOvbder3.LjGSOIKK5hR5nE2LoE0ccXF.', '41519744', 'PALOMINO', 'MENDOZA', 'MASCULINO', '1982-02-14', 4, 'COORDINADOR REGIONAL DE CALIDAD DE LA INFORMACIÓN', 'DECRETO LEGISLATIVO N° 1057', '921302227', 'SUSPENDIDO', '21rt26HlAGZUOewKvzlKAen3LKyjZYI5kk6sNV63xOSpLahuLjOiUzaiGhhR', '2019-09-19 21:16:48', '2020-02-18 12:41:35'),
(22, 'FEDERICO', 'FREDERIC555@HOTMAIL.COm', '$2y$10$HkHr57oYQTxHbiworU0gouU6UNiZPpF5D21zmQM7UbKu1zhWQ1Zy6', '43499304', 'AYALA', 'BELLIDO', 'MASCULINO', '1983-02-16', 4, 'COORDINADOR DE CPEd', 'LEY N° 29944', '967522635', 'SUSPENDIDO', 'dKO7eG0yZcGRrOqA4BsdE2EeAalYR5XDgcRWC7qi8kX9LYV5qsN0wYIXSlsn', '2019-09-19 21:16:54', '2020-02-18 12:41:23'),
(23, 'EVER', 'EVERHUAYCHA0505@GMAIL.COM', '$2y$10$B8fC.4pt43dxNocKGj/XE.OlO3s.LM3wHeDJWluJKtCRT4aBHQTDS', '71838891', 'HUAYCHA', 'ALLCCA', 'MASCULINO', '1992-05-05', 4, 'ASISTENTE DE ÁREA DE EDUCACIÓN FÍSICA', 'LEY N° 29944', '931311215', 'ACTIVO', 'Fq0cEiWIkBHU9mOtA7vIyGINbMHHzTFbihWV853BIqCfCs8RZHS6eGaJjw2R', '2019-09-19 21:17:42', '2019-09-19 21:17:42'),
(24, 'MARINA CLEOFÉ', 'MARMENDOGUERRERO@GMAIL.COM', '$2y$10$XZZuMrgNILelbQAJFcuzw.Uvl9cFpEVRnwTDXFgJAeoYDLswPQHmm', '28222107', 'MENDOZA', 'GUERRERO', 'FEMENINO', '2019-04-09', 4, 'ESPECIALISTA ADMINISTRATIVo', 'DECRETO LEGISLATIVO N° 1057', '966983286', 'ACTIVO', 'Hih6ulLAyeNfOMfxqUZ2JubEYt8x7Q0tAu8DvTY4P4cvIwNgiNcwbaySNzdr', '2019-09-19 21:18:02', '2019-09-19 21:39:33'),
(25, 'YULIANA', 'YHULICITA_HG@HOTMAIL.COM', '$2y$10$sUq/fgu3s9NC6sc63DRKnOdwv.KwKnpjexVoSGEpNivetdEb3aU1.', '45372574', 'HUAMAN', 'GODOY', 'FEMENINO', '1988-03-13', 4, 'SECRETARIA', 'DECRETO LEGISLATIVO N° 1057', '967288865', 'ACTIVO', 'JLjiRFKBGSl45IDBu4vlPzbdR6h76RDVmbTLhx1h59FkA6PcU5r9X9Reagoj', '2019-09-19 21:18:24', '2019-11-05 14:47:44'),
(26, 'JHENY JANKEL', 'JJANKELML@GMAIL.COM', '$2y$10$LjAAYnk.86oz.Kqh.JMjn.dljX4CMlPoHUM66qP6XopwA5/jCbADi', '70673936', 'MENDOZA', 'LUJAN', 'FEMENINO', '1995-06-04', 4, 'ASISTENTE ADMINISTRATIVO', 'DECRETO LEGISLATIVO N° 276', '985745688', 'ACTIVO', 'sb6JCIQohY0yZ9IZGhYKOJfDlwRKmPpUmVXJWHrAhP7jZm1aawz0MHoA4jf2', '2019-09-19 21:18:33', '2019-09-19 21:18:33'),
(27, 'HAYDEE', 'KILLINCHITO1@GMAIL.COm', '$2y$10$dmIRNqGenEx5ctSND20xWeLWmyV8deQ0tqUAdQUHJu.Kc9c8b0oJa', '28284075', 'MITMA', 'PALOMINO', 'FEMENINO', '1969-03-29', 4, 'ESPECIALISTA DE EDUCACION INTERCULTURAL BILINGUe', 'LEY N° 29944', '990905049', 'ACTIVO', 'SifOU0Ux7kdmBMaW28lCra1P0iiRplUa1E8HVzBxevx6IbiwxMOqYh7mRKbM', '2019-09-19 21:19:58', '2019-10-02 12:54:00'),
(28, 'ROLANDO', 'RVILLANUEVAUMF@GMAIL.COm', '$2y$10$ilTTPjuyP7pCh8YF4xWnLuJxndiZcw4.Xe8xLzptjeMhTr58R0N52', '28261979', 'VILLANUEVA', 'PARIONA', 'MASCULINO', '1962-12-07', 4, 'ESPECIALISTA DE EDUCACIÓN SUPERIOR', 'LEY N° 30512', '999048384', 'ACTIVO', 'fXJn83dS10KPvf9ZEaHaWLrcTz6WwzUD1dHmcnA08BYY7C39X2D1tmvNZxHK', '2019-09-19 21:46:06', '2019-09-19 21:46:06'),
(29, 'ROSARIO LUZ', 'EDUROSARIO14@HOTMAIL.COM', '$2y$10$IBKW5PjxMWx7AZnmppdN9uWssK.gw8j7dHvXycBlTXegYJiQcQm/O', '07673512', 'HUAMAN', 'ORE', 'FEMENINO', '1965-10-14', 4, 'ESPECIALISTA EN EDUCACIÓN SECUNDARIA', 'LEY N° 29944', '957266436', 'ACTIVO', '3KopnlKLJQTZDkJAVmnpwPIluvrolU2yeX4bw238unAh2w7HfYSz6gAvrBRI', '2019-09-19 21:49:26', '2019-09-19 21:49:26'),
(30, 'ELEODORO', 'E_MANUICO1@YAHOO.Es', '$2y$10$MoQeIgeGvhNGRB5ZER/9LORqYIsCpk0p4ldQhUVM0urwR/juO0sNS', '28294076', 'MAÑUICO', 'MENDOZA', 'MASCULINO', '1974-04-21', 4, 'ESPECIALISTA DE EDUCACIÓN SECUNDARIA', 'LEY N° 29944', '999067736', 'ACTIVO', 'jUNwosUwdMnk6g98MCPwDoFricvVr6uDct7M60E5RsXkf3FjBF6d0CPkDRbh', '2019-09-19 21:49:41', '2019-09-19 21:49:41'),
(31, 'JORGE', 'ATOCCSA.M.AYACUCHO@GMAIL.COm', '$2y$10$ZfSC.JgDETcEAv1WpuUTxOy048nlwdOpEO.cudM5JpLbFowUELcma', '28809212', 'ATOCCSA', 'APARICIO', 'MASCULINO', '1978-02-20', 4, 'ESPECIALISTA EN EDUCACIÓN SECUNDARIa', 'LEY N° 29944', '990205091', 'ACTIVO', 'nHvciMV5rWUfERusMEiL7yHk8hBoSRHX2k8aesTvC3IqlY6Su0kBg6EngIIS', '2019-09-19 21:49:48', '2019-09-19 21:51:08'),
(32, 'FLORENTINA', 'FLORACUBA2002@YAHOO.Es', '$2y$10$Irgtkjy9eCeN6yyzl5VN4emweg2O1dJvYbxBps33A.FBo0DNXucWm', '28216745', 'CUBA', 'HUALLGA', 'FEMENINO', '1956-07-20', 4, 'ESPECIALISTA EDUCACIÓN ESPECIAL', 'LEY N° 29944', '966929369', 'ACTIVO', 'dlGPwUoTXxBcTDqXCzeBR3Xh7JSOQQFf5xbygPi7GLocm3sFlLGnN3jdoOGI', '2019-09-19 21:52:11', '2019-09-19 21:52:11'),
(33, 'RAQUEL', 'RAQUELSALVATIERRA1106@GMAIL.COm', '$2y$10$U0H2kTnWJLp.bLdqtttdbeDaEwcnBkkPzY91W/fxKYTWIc0DhmfgG', '29081891', 'SALVATIERRA', 'ARONES', 'FEMENINO', '1973-06-11', 4, 'ESPECIALISTA EN EDUCACIÓN PRIMARIA', 'LEY N° 29944', '913021110', 'ACTIVO', 'rVBSAfbVkZLUBHYeOoxDeA6O9Jr39J6WRbSO0ZfT5sAhinMxVNqmyHRTXYVA', '2019-09-19 21:53:31', '2019-10-02 12:49:42'),
(34, 'MARIA LOURDES', 'LOURDESHR3@HOTMAIL.COm', '$2y$10$mejaMlXyt9iIDKrLs6M3Ze4H1.O.Ys91VXM56YTUPPIWl9vFaOfs6', '28237269', 'HURTADO', 'RIVERA', 'FEMENINO', '1969-06-24', 4, 'ESPECIALISTA DE EDUCACIÓN INICIAL', 'LEY N° 29944', '966607159', 'ACTIVO', 'PSpvUeGv0pQeL4SrXIpj0HGaZiRzyrxgBmVpDir9kfBE9uYSn6jGz4zXx5gP', '2019-09-20 13:19:53', '2019-09-20 13:19:53'),
(35, 'SILVANA', 'SILVANASP4@HOTMAIL.COM', '$2y$10$JZzfvteGd/xTYgONNy1Hu.o1bJSAGF86PpsUCJVw8Q2f1vY.wRVV.', '28315453', 'SALAZAR', 'POMA', 'FEMENINO', '1977-10-13', 4, 'ESPECIALISTA DE EDUCACIÓN INICIAL', 'LEY N° 29944', '999676814', 'ACTIVO', 'dTd0UclyHpITgk6KecG07Ae1dtKJjXYrAvaxLzm2IYDgTJLwaWK44yNVyyHL', '2019-09-20 13:24:42', '2020-03-02 14:49:34'),
(36, 'TERESA', 'savita1205@hotmail.com', '$2y$10$M8ejyCWk2uI9Cd51.uWI7.RqAvW9IzEzAAJW5A20fo7.llQzQTsTi', '28305497', 'QUISPE', 'SULCA', 'FEMENINO', '1975-02-19', 4, 'ESPECIALISTA DE TUTORÍA Y ORiENTACIÓN EDUCATIVA', 'LEY N° 29944', '998951814', 'ACTIVO', 'bdUTanPglMJEBCqM6gllmAKAVj8uzmfYLuFKxs2qjJeXmGzyWjWSsH0VkVYr', '2019-09-20 13:32:46', '2019-11-20 17:51:03'),
(37, 'DAVID', 'DAVIDVEGAAYALA@HOTMAIL.COm', '$2y$10$goIgYgy.BuUw6GdX4uX8xupOHL0cEuLl8P7iQP8XDI0Edog9VUyTq', '28219297', 'VEGA', 'AYALA', 'MASCULINO', '1955-08-14', 4, 'ESPECIALISTA SANEAMIENTO', 'LEY N° 30512', '988226436', 'ACTIVO', 'tM6orvveIgrTaEeiN2lENTeO3kVCcHDo0LQ1OavvLbxdcQx5PuUycmW8snBf', '2019-09-20 14:20:02', '2019-09-20 14:20:02'),
(38, 'LUIS', 'lph06@hotmail.com', '$2y$10$wVPLVnT5f7vZXPfDlR4M0eiL97BdmGKk0EosVR5V/EFEUiALM3aha', '28293592', 'PIZARRO', 'HUAYTALLA', 'MASCULINO', '1973-12-06', 4, 'ESPECIALISTA EN SEGUIMIENTO Y MONITOREO IFD', 'DECRETO LEGISLATIVO N° 1057', '99042237', 'ACTIVO', '5mqKDblSzyEhbOzrVRru01ubDRndCKzfH0tPCsBLJbwJuC9GfurjrwwKhPNP', '2019-09-23 13:08:49', '2019-09-23 13:08:49'),
(39, 'MANUEL', 'ISTHMROZAS@HOTMAIL.Es', '$2y$10$JdA84lqW9u4.HBIs.F7lR.uCzFpPwW47ZJU.Zt5fD.zkYbPPrzu7u', '21471023', 'ROZAS', 'ARIAS', 'MASCULINO', '1949-12-08', 4, 'ESPECIALISTA DE EDUCACIÓN SUPERIOR', 'LEY N° 30512', '941443827', 'SUSPENDIDO', 'G369HWdpA36wsB69NtRfOGsIt9KI2JjyiE3JiH5VsEsAprJmyy47O6vXPm0Z', '2019-09-23 13:12:28', '2020-02-18 12:40:47'),
(40, 'VITERVO', 'VITELUZA@HOTMAIL.COm', '$2y$10$t6vfgnrYzopGf6tYfTKNv.JJOomNCd.ZqtKZ/lKJsCOYg2UTO8CIS', '28236208', 'HUAMANÍ', 'LUZA', 'MASCULINO', '1964-09-07', 4, 'ESPECIALISTA EN EDUCACIÓN', 'LEY N° 29944', '983805846', 'ACTIVO', 'fUe54kEu475Cjzm9GRR11ulTEV3IaaEZrhKQsxNGBYEKcicxvB3L8vtDCcGe', '2019-09-23 16:29:23', '2019-09-23 16:29:23'),
(41, 'ALEJANDRO', 'ALEXHINOS@HOTMAIL.COm', '$2y$10$DCqGFyFA/jxw5BeRXpClgeZyIuBXz1tBs3ZZHlBweclJsKTlfWhMu', '28224711', 'HINOSTROZA', 'GARCÍA', 'MASCULINO', '1957-08-08', 4, 'ESPECIALISTA EBAETP', 'LEY N° 29944', '999100603', 'ACTIVO', 'GExZngYO1tm3Ws2VXpLgBKMwwpXM7MfGipWY9fd9D27kaCXWSlszTvrvCDPO', '2019-09-23 17:59:26', '2019-09-23 17:59:26'),
(42, 'MARIANELA', 'MARLA_0607@HOTMAIL.COM', '$2y$10$siTO.YXiqe4QTk7IdbqUTOLbo/K0yr0XPOYJJ65XRrTl7b0h4sNC2', '28262300', 'LAURA', 'AUCASIME', 'FEMENINO', '1965-07-06', 4, 'ASISTENTE DE EDUCACIÓN Y CULTURA', 'DECRETO LEGISLATIVO N° 276', '969435253', 'ACTIVO', 'ENC0kQDlaErbj3yQjLtpdufEe7zrMbu7yYGNtwLwh6rEyaj9vehr25KmWZRc', '2019-09-26 14:17:38', '2019-09-26 14:17:38'),
(43, 'FELIX', 'felixquispe2@hotmail.com', '$2y$10$sDzDOKc44cwIGgZbA3R1Te/mr7bhcRGtJJeFomD6xKVe.tUGjf/me', '28298483', 'QUISPE', 'DE LA CRUZ', 'MASCULINO', '1968-09-01', 4, 'ESPECIALISTA', 'LEY N° 29944', '976024500', 'ACTIVO', 'owwn6uIJkBKiJd6wHS5zI7jQAh7oCJweLXYHI9cweYB94P7U1KGJJNVo97bS', '2019-10-02 12:40:46', '2019-10-02 12:40:46'),
(44, 'MARGOT FABIOLA', 'MARGOT0213@GMAIL.COM', '$2y$10$6g6JVZEkWplrr5EWEw3TgeVdor8wwhG9JCd02W/ITSby7z/UhchAe', '28850972', 'SANCHEZ', 'HUAMANI', 'FEMENINO', '1974-05-02', 4, 'ESPECIALISTA EN EDUCACIÓN SECUNDARIA', 'LEY N° 29944', '966678480', 'ACTIVO', 'kTox50a6tk6FgNoRFNQr3058ai92j3ZCUPDPsTabAf2V5JiRX8TBKgJhAvqY', '2019-10-03 15:07:30', '2019-10-03 15:07:30'),
(45, 'HECTOR', 'SOCIALESDONGO@HOTMAIL.COM', '$2y$10$TseUtRHoCUXYpnk6t1tOTeXIhXwQHuz/PTKtxUoV6gLQW1fZ1QTFq', '42624750', 'PALOMINO', 'DONGO', 'MASCULINO', '1982-03-17', 4, 'GESTOR CURRICULAR EDUCACIÓN SECUNDARIA JEC', 'DECRETO LEGISLATIVO N° 1057', '972837440', 'SUSPENDIDO', 'WNtNlmH6tBkuhJOkZhCvpmfqkUxljvqghMQAvhnWZQRlWDrXCCROqX9wbwqv', '2019-10-03 17:20:59', '2020-02-18 12:40:31'),
(46, 'VICENTE', 'ECOSISTEMA_AYA@OUTLOOK.COM', '$2y$10$7N5fjsTDJdI0W9n5rfMRheX4ecGmHGdF9Coqd.6GQDskF24zslksG', '28219683', 'CARDENAS', 'JAUREGUI', 'MASCULINO', '1959-04-05', 4, 'ESPECIALISTA EN EDUCACIÓN SUPERIOR', 'LEY N° 30512', '999450546', 'SUSPENDIDO', 'TBjt2SnaUOWsxoMounDQwgaWTr1Y2AEn96tagydG1Dwd1BNzsa8iFhbHweO8', '2019-10-10 15:11:44', '2020-02-18 12:40:17'),
(47, 'WILLIAM', 'WILY_INCA@HOTMAIL.COm', '$2y$10$2iPX7AsNOSSbbIiE4Uy4XulCgXaq3t7ydwkj2uSpvHBqJ2EL1k9/e', '09925012', 'INCA', 'CAUTI', 'MASCULINO', '1972-12-15', 4, 'ESPECIALISTA EN EDUCACIÓN Ii', 'LEY N° 29944', '966692731', 'ACTIVO', 'UJdAm8ovZJhdLyIENylQtC4MUYWWAkIUCvQyyw4i0CQ5m4uObu6ku1ykuiUG', '2019-10-14 13:56:14', '2019-10-14 13:56:14'),
(48, 'DANIEL ANTONIO', 'DANSVAL133@GMAIL.COm', '$2y$10$UW9BlAlF4PY7r1JzHUeBzOywMsPJ0Xb4TjUh2mToaZrWoaWug0EMC', '41148562', 'DE LA CRUZ', 'GONZALES', 'MASCULINO', '1980-06-05', 4, 'GESTOR CURRICULAR DE SECUNDARIA TÉCNICA', 'DECRETO LEGISLATIVO N° 1057', '966807055', 'ACTIVO', 'N4H4yquDQYItcZsXPW69fjrILznrHk6t3NGm6NHMf3I9QwPdyxK9W8ye9clI', '2019-10-28 17:41:49', '2020-03-11 17:59:43'),
(49, 'CARLOS RAÚL', 'cjauregui82@gmail.com', '$2y$10$XHBY6ZE9mPvachplukbRSut5Iu2sxEyYx3COZD7YfFk6I9ULdwane', '42490575', 'JÁUREGUI', 'JERI', 'MASCULINO', '1982-04-14', 4, 'ESPECIALISTA REGIONAL DE CONVIVENCIA ESCOLAr', 'DECRETO LEGISLATIVO N° 1057', '999313134', 'SUSPENDIDO', 'vNUm7pLlsIgRHeRiwqetlT1GP9MRHKwR0ldAtqyGluuXrxhy2oJ90b6Ch1tS', '2019-10-28 18:03:05', '2020-02-18 12:39:47'),
(50, 'PAVEL ANDERSON', 'ANDERSONPALPAR@GMAIL.COm', '$2y$10$uo75BvK63a.vdNr6xBKjieeZ6CNH6DcXHYTOA.6CfSNglg1RzMRfK', '46537475', 'PALOMINO', 'PAREDES', 'MASCULINO', '1989-10-06', 11, 'TÉCNICO ADMINISTRATIVO', 'DECRETO LEGISLATIVO N° 276', '920521771', 'ACTIVO', '79IzUBKeRigrGTWIkRQw4B9V53snIaEoMx8WmREd1lrxNE01aFGRJpeLdrMG', '2019-11-11 15:38:26', '2020-01-06 14:31:29'),
(51, 'ABADICIA', 'ABYGO26@GMAIL.COM', '$2y$10$tymB4fsYP5JiFB8rRVWtI.TyuKRJiRaBeCpujqVKKeSCRWVXUA5ga', '20005152', 'QUINTE', 'GONZALES', 'FEMENINO', '1968-10-26', 11, 'TECNICO ADMINISTRATIo', 'DECRETO LEGISLATIVO N° 276', '312364', 'ACTIVO', 'Hp2OrDy9saea0hcDWB6FR2QGmGVDsumDTUCwsbkcRy4Ezv9RqJhpXgdeQnQF', '2019-11-11 15:39:18', '2020-02-19 12:59:51'),
(52, 'MARIA LOURDES', 'QUELLAMLNP@HOTMAIL.COm', '$2y$10$l3MEhYuXf971zXsXvdbQKOVnHoZP2fh/2eEOGtah88N83CvV5OxhK', '28227574', 'NAVARRO', 'PALOMINO', 'FEMENINO', '1959-07-13', 11, 'TESORERA Ii', 'DECRETO LEGISLATIVO N° 276', '966897220', 'ACTIVO', 'VT46tu7xrj5rLc2YkUKge9ZGh8rvGW0ZuLgnCZ1xEiUMOiEmfei8tiB21nTN', '2019-11-11 15:43:25', '2019-11-11 15:43:25'),
(53, 'WILMER FREDY', 'ALIANZA_VILA@HOTMAIL.COm', '$2y$10$UOiRqdj5/zLOpFw5pPsEIOP7uHE7BHHdvXzp97w19dQM823xNf4Z6', '41346880', 'VILA', 'ESPINOZA', 'MASCULINO', '1980-08-04', 11, 'TECNICO ADMINISTRATIVO', 'DECRETO LEGISLATIVO N° 276', '966946999', 'ACTIVO', '53k15hyDeKhaDYGckDPQSXbq59r5lUv2OOq9mQLBYzbXm50ptYVMo8OLq4r9', '2019-11-11 15:45:37', '2019-11-11 15:45:37'),
(54, 'WILDER', 'WILDER_VF@HOTMAIL.COm', '$2y$10$SxsIhiJsQmOx.licM5MpJufkPMc/y3Bv2QcUQp3sbbQIuVCWWn3Gi', '43412616', 'VARGAS', 'FLORES', 'MASCULINO', '1985-11-17', 7, 'JEFE DE ABASTECIMIENTOS', 'DECRETO LEGISLATIVO N° 1057', '999323203', 'ACTIVO', 'jFuPUgMbPrQhIkHUUIyi638TWZhRpX6jxJkAfN7gtI53pBNSdtwSP8zpHTXE', '2019-11-11 16:07:18', '2019-11-11 16:07:18'),
(55, 'LEONCIO', 'LEONCIOASTO@GMAI.COm', '$2y$10$q29TLV6FEs.r7a6sS81EZeMulF4DR.g3tP8BM6/RQeaCOepY/hK1u', '44555254', 'ASTO', 'GARCIA', 'MASCULINO', '1987-05-18', 7, 'ESPECIALISTA EN CONTRATACIONES', 'DECRETO LEGISLATIVO N° 1057', '952652548', 'ACTIVO', 'rqAWNgvGZ2Mhi7c95gOiE2sCkxKQrqtv4Ur1JL9qzumnxObzdgrZN3WCqCoI', '2019-11-11 16:07:32', '2019-11-11 16:07:32'),
(56, 'MARIA LUZ', 'MARY_MUJICA@HOTMAIL.COM', '$2y$10$ZnvAAJHZdcOJAavS4OhLmO9HOjDuK9M69zdV7v2OkXXH0uHhYrzPu', '28207133', 'MUJICA', 'BERMÚDEZ', 'FEMENINO', '1954-10-19', 7, 'TÉCNICO ADMINISTRATIVO II', 'DECRETO LEGISLATIVO N° 276', '999374344', 'ACTIVO', 'UFtcctjDYIIAL39jwgPxe44azQ2rKh3BXo7xEfI4i0iKE9BoD8XLDFRPKeRT', '2019-11-11 16:08:58', '2019-11-11 19:43:08'),
(57, 'RODRIGO', 'ROBLESCUADROS@HOTMAIL.COm', '$2y$10$OhzY/AqCtO/sFKWnHWhG4uBsEPvDubvOTwr8dzcyDLKbGhkaDujmy', '28215030', 'ROBLES', 'CUADROS', 'MASCULINO', '1957-03-13', 7, 'ESPECIALISTA ADMINISTRATIVo', 'DECRETO LEGISLATIVO N° 276', '999878205', 'ACTIVO', 'u2N5mnk6UxOejaYAudJCB9qeYD5EldRD7BSWnSk788FCRJy1tFC5f21P6h4F', '2019-11-11 16:10:06', '2019-11-11 16:10:06'),
(58, 'ALBERTO', 'BETO1988@HOTMAIL.COm', '$2y$10$DKRAQnxYmrry/1kLQ7kw0ePUiRuKPAa0sf1Yo0t8dd2zfonHL5ybC', '44819185', 'HUACRE', 'DIPAZ', 'MASCULINO', '1988-01-29', 7, 'ASISTENTE ADMINISTRATIvo', 'DECRETO LEGISLATIVO N° 276', '994885694', 'SUSPENDIDO', 'HS0COn46QXYA95YKYWyUF87ynOEOpizSJCzogCoFWjlotVO2dhHvj6MMaMck', '2019-11-11 16:10:33', '2020-02-18 12:39:21'),
(59, 'YANETT', 'YANE-SALINAS@HOTMAIL.COM', '$2y$10$U2y3nTZLvgvwKIqAQcl2feDwCnUqLt/iVj6pxW3k45aE6deGbaw4.', '40452222', 'SALINAS', 'MENDOZA', 'FEMENINO', '1978-10-29', 7, 'TECNICO ADMINISTRaTIVO', 'DECRETO LEGISLATIVO N° 276', '978229878', 'ACTIVO', 'GjO8zjZT7iiphq5nAXedBUOHPgHDDmI9rMNUBkFWoHtepwwdZwnMW2Cpzx8A', '2019-11-11 16:10:54', '2019-11-11 19:42:26'),
(60, 'FRANCISCO', 'FRANZ728@HOTMAIL.COm', '$2y$10$r5ClPeWCTtRmifPgdmu4w.CMC6vyiE71gy5fW8UX7zshXUAk2R32y', '28225645', 'RAMOS', 'CAMPOS', 'MASCULINO', '1952-07-14', 11, 'TEC.ADM', 'DECRETO LEGISLATIVO N° 276', '966986700', 'ACTIVO', 'E4DrNzJHctGRDP3GMDRhfjMSznMJ1gcXrdwFQRW2MTWwWqOegfvCpv5vXgve', '2019-11-12 13:26:26', '2019-11-12 13:26:26'),
(61, 'MARIBET', 'PRADO_05_H@HOTMAIL.COm', '$2y$10$4IaFL.jOtqDIK8E511ddOOBtL5p1O.Z8UVqoEpefjVIMAsOjOwoAa', '44272627', 'PRADO', 'HUAMANI', 'FEMENINO', '1986-03-05', 7, 'RESPONSABLE DE ADQUISICIONES', 'DECRETO LEGISLATIVO N° 1057', '966037142', 'ACTIVO', 'cthARWAVEIW2ngtTGhfECUc10wxA3jCKXBogV4U5io8LNfzHUm5cRD0Wzevj', '2019-11-12 14:30:16', '2019-11-12 14:30:16'),
(62, 'MAURA', 'MAURA_BARRON7@HOTMAIL.COM', '$2y$10$I1heO2Oc.CU26Ca3789tAuucy3hQbaMeuF30sNsIw8RkjWoSRrtd6', '28209108', 'BARRON', 'MUNAILLA', 'FEMENINO', '1959-05-03', 9, 'TECNICO ADMINISTRATIo', 'DECRETO LEGISLATIVO N° 276', '999443931', 'ACTIVO', 'gzlg5nJb4egJPMisBMKQPNRUHfWwvrG8GTmABjf5CnxdDyjtkTeqVmihnAvv', '2019-11-12 15:20:42', '2020-01-09 12:35:38'),
(63, 'NELVA', 'NELVACERVANTESP09@GMAIL.COm', '$2y$10$J5rqo7rzo0BFBv6fEorHc.6.zLJ1ewA2ZivpyKm5/g8l/fBI8dg8y', '28214739', 'CERVANTES', 'PÉREZ', 'FEMENINO', '1965-04-09', 8, 'CONTADOR Ii', 'DECRETO LEGISLATIVO N° 276', '998402111', 'ACTIVO', 'wbtVgNDDReiUoGGzfNEDecFu8e9xy8FP0CQWwXEstN7iBWKJDHrHg9WEjuTW', '2019-11-12 15:21:48', '2019-11-14 12:48:51'),
(64, 'ZÓSIMO', 'ZLEONHUAMANI@HOTMAIL.COm', '$2y$10$FFuUgyuuMK3jE.f1E6hha.XIxCvm6PmRdWpnL1RbBqZjHScP0WYzS', '28309429', 'LEÓN', 'HUAMANÍ', 'MASCULINO', '1952-12-26', 10, 'INGENIERO II', 'DECRETO LEGISLATIVO N° 276', '928137647', 'ACTIVO', '5EtGpzryFC9n2ilK0ke3p7nI2HSRkqQGJAnBCJLjZjnRtwzmlCttZanmkFOw', '2019-11-12 15:24:50', '2019-11-14 12:49:40'),
(65, 'MARLENE', 'MARLECL_41@HOTMAIL.COm', '$2y$10$M/9rQs5b5zcRBsRLYeYgYeaGCX9v5xiVMlj18Yq4KHoyZgk3HolPW', '28317430', 'CAPCHA', 'LAURA', 'FEMENINO', '1978-08-28', 8, 'ASISTENTE ADMINISTRATIVo', 'DECRETO LEGISLATIVO N° 276', '990901100', 'ACTIVO', '1pjTuYCiEvaoNJ2DlXUP2KeDA8rEfdnqXIgogG7EgCCcLWpxSoYxGGv4Wpad', '2019-11-12 15:25:37', '2019-11-14 12:48:36'),
(66, 'ESTEFANY', 'GOMEZHINOSTROZAESTEFANY@GMAIL.COM', '$2y$10$S6Vhz2ocOHJ9rcucvlxOrum7YHue3ScLRhPyJdxHkGoozbigSTU4K', '70581908', 'GOMEZ', 'HINOSTROZA', 'FEMENINO', '1992-05-22', 6, 'TECNICO ADM', 'DECRETO LEGISLATIVO N° 276', '941423179', 'ACTIVO', 'HxFD106mUsMrATB7OiIbkBkepAzzyj0bSQLMbAcT8gpmP65ERw0knsfmZZn2', '2019-11-12 15:31:19', '2019-12-16 13:52:58'),
(67, 'ROXANA ELIZABETH', 'ELIZABETHW21@HOTMAIL.COm', '$2y$10$vXU6diTaPYXj0vorz5U4hO9Sm2b5XEVuEL2pmgaLYviNj0eB.LEd2', '41987045', 'CASMA', 'PINTO', 'FEMENINO', '1983-09-18', 6, 'DIRECTOR DE SISTEMA ADMINISTRATIVO III', 'DECRETO LEGISLATIVO N° 276', '943075581', 'ACTIVO', 'gpJiBBwOlSd2lVTWaZqfLn9fPDc2fwNK23sotjiqlwkqpwC1iW27jTfUAGmP', '2019-11-12 15:41:15', '2019-11-12 15:41:15'),
(68, 'EVA', 'eva05jenl@gmail.com', '$2y$10$ZnxRoMX3uWJ3sCbQXDUxWO8/MG7RW8LTVk7FTGFtDAfY3iGr/COBq', '21558064', 'LEANDRO', 'MARTINEZ', 'FEMENINO', '1964-07-05', 9, 'TECNICO ADMINISTRATIVO', 'DECRETO LEGISLATIVO N° 276', '966680910', 'ACTIVO', NULL, '2019-11-12 16:41:28', '2019-11-14 12:47:49'),
(69, 'PERCY', 'PDASOCIADOS@HOTMAIL.COM', '$2y$10$ForZhSeUp1u./rkmfT9eSuP6LTRpp2DGJ.w5u0r8k2x6qfuQCPhq.', '43740178', 'QUISPE', 'CORDERO', 'MASCULINO', '1986-06-07', 4, 'GESTOR REGIONAL PP 090', 'DECRETO LEGISLATIVO N° 1057', '999006683', 'ACTIVO', 'OVeVXmfC7ckmvd6YPKkyA761G81yBYg0q2JOzJBFyVNqmOSSxycXCL4SAUGh', '2019-11-13 17:41:53', '2020-03-02 14:28:02'),
(70, 'KATIA EUNISE', 'KAT_EUNISE@HOTMAIL.COM', '$2y$10$SZvjQLwnefGOxN6avbVPuurN0M1QKl8/FtgArgHrO1YZZjBxowlY.', '43975485', 'TAIPE', 'LLACSA', 'FEMENINO', '1987-01-02', 5, 'ESPECIALISTA EN FINANZAs', 'DECRETO LEGISLATIVO N° 276', '966977187', 'ACTIVO', 'CZls16LyTfIts9GeV4OjLi7l7qm0L792608CbLi92p9PJdKxcaGHfi1xdS65', '2019-11-19 13:29:47', '2019-11-19 20:18:09'),
(71, 'MÁXIMO', 'MAXGUCA@HOTMAIL.COM', '$2y$10$9jtPXlIEDZJsx1.QVr6y.e8Ih2gQrV4AMNI75Jw.IiXmaBS/l44Q2', '08666870', 'GUTIÉRREZ', 'CARRILLO', 'MASCULINO', '1967-09-19', 12, 'DIRECTOR DE SISTEMA ADMINISTRATIVO III - OFICINA DE ASESORÍA JURÍDICA', 'DECRETO LEGISLATIVO N° 276', '985224726', 'ACTIVO', 'x1UQn6yvq9PSYpEy2Satu68UnqpAsC9jTyVGkHX7obmdpl6AbzEWXmKkkGx6', '2019-11-19 15:53:46', '2019-11-19 15:54:55'),
(72, 'IVONNE EMPERATRIZ', 'IVONPC_GIRL@HOTMAIL.COM', '$2y$10$EnTwLgY3Ay52PRlllF9C7eDorJecYCF1yC9x9bSIxs1MLnPwO6v8K', '46737082', 'PALOMINO', 'CONTRERAS', 'FEMENINO', '1991-01-17', 12, 'ABOGADA', 'DECRETO LEGISLATIVO N° 1057', '938907364', 'SUSPENDIDO', 'LCXCfR1Nmj1wYO1dc9l9fHVN7ioTZoHXCdAOKtKcWN3whDwEHNGwoC0JZdit', '2019-11-19 15:54:07', '2020-02-18 12:37:52'),
(73, 'SALVADOR JACINTO', 'SALV_VALENCIA@HOTMAIL.COm', '$2y$10$mUmKvgGFUuOYV9PYzVL7Z.48upW20CaXtT9zRUCXKKgME.3ETpudO', '28202873', 'VALENCIA', 'PALOMINO', 'MASCULINO', '1960-07-26', 12, 'SECRETARIA DE ASESORIA JURIDICa', 'DECRETO LEGISLATIVO N° 276', '966800359', 'ACTIVO', 'NfaEAFLg2nwLdvo3QApfafIlmUIelWCQVo5IetVpjjPh723ry5MIY1PBxPSL', '2019-11-19 15:55:06', '2020-03-03 12:49:30'),
(74, 'JANET', 'POZOQUINTOJANETF@HOTMAIL.COM', '$2y$10$0JZ4HfbzUAqlFQNCo47JR.IB2f1A/h/jAn81unlvPzb4JTYDQMqzq', '43004732', 'POZO', 'QUINTO', 'FEMENINO', '1986-01-17', 12, 'ASISTENTE ADMINISTRATIVO JURIDICO', 'DECRETO LEGISLATIVO N° 276', '958722102', 'SUSPENDIDO', 'FZKxuvzqjEwpZGqunb32cso2hNhkx73Bsym9R0htCvHGxOkQPeuA0qQAQiVf', '2019-11-19 15:56:50', '2020-02-18 12:37:07'),
(75, 'DANIEL', 'DUCDANI97@HOTMAIL.COm', '$2y$10$7t.s1csPN1JSjRKYBBYgg.rSjA6fJVkcnYmq39nHzD9glA.AGpf2u', '41250526', 'URBINA', 'CÁRDENAS', 'MASCULINO', '1981-04-05', 5, 'PLANIFICADOR II', 'DECRETO LEGISLATIVO N° 276', '995038899', 'ACTIVO', 'mnmqfLNcv6YJ2O9c2ywYN8QILj4yraj2EBjOkNVlG2K8WBMleW3HBT8Ax3Ca', '2019-11-19 20:15:03', '2019-11-19 20:15:03'),
(76, 'JUAN', 'JUANO508@HOTMAIL.COm', '$2y$10$Qa.e2NIZ723QcaFSOrX81uPvMsJmgrG8x/keqNw/Ope38yn.nXNoi', '28850927', 'CORIMANYA', 'HUANACO', 'MASCULINO', '1961-05-25', 5, 'ESPECIALISTA EN FINANZAS', 'DECRETO LEGISLATIVO N° 276', '966648010', 'ACTIVO', 'zan8cA1x25zlcUT17yuXWcMqPrX9mkN6MXDRBVnvFcUpUdTSBXGWCdjoOCgG', '2019-11-19 20:16:46', '2019-11-19 20:16:46'),
(77, 'SANTIAGO', 'AYAESPINO@HOTMAIL.COM', '$2y$10$VtBt8jaNV7GAu5d40Aa4eOYkhhGcCetESVO8w8fKCjQllK3J8bEh2', '28245248', 'ESPINO', 'MENDEZ', 'MASCULINO', '25/07/1961', 5, 'TÉCNICO ADMINISTRATIVO', 'DECRETO LEGISLATIVO N° 276', '974-044-059', 'ACTIVO', '9vEwa74f8RTsy6SjqXsgHC2OZyakvEIcsPPOxoyO5fTszDbiy7lNGJ7LhMGO', '2019-11-19 20:16:50', '2019-11-19 20:16:50'),
(78, 'CARMEN ROSA', 'CLIFONCIOT@GMAIL.COm', '$2y$10$VCAb47aGRcp/nzBfRiDTvugm0dDNOgoPD5A4xaeAMaQuV5v80SHCq', '70123663', 'LIFONCIO', 'TORRES', 'FEMENINO', '1993-01-24', 5, 'SECRETARIA', 'DECRETO LEGISLATIVO N° 276', '984279363', 'ACTIVO', '7jTfYHxrAoTcfC7lw9qauPSuVi577a1Ue9lQlN6gvsABQZtu6MKY3cLM5rfT', '2019-11-19 20:17:13', '2019-11-19 20:17:13'),
(79, 'NORY', 'NORY_A@HOTMAIL.COm', '$2y$10$5JXLqA/pKWCl/yrAtzsS9ORZrKXIRbCwbvSF7.rz5ciidAOvxiQxm', '41442717', 'AYBAR', 'VILLALOBOS', 'FEMENINO', '1982-08-01', 5, 'PROFESIONAL EN SEGUIMIENTO Y MONITOREO DE PROGRAMAS PRESUPUESTALEs', 'DECRETO LEGISLATIVO N° 1057', '992992212', 'ACTIVO', NULL, '2019-11-19 20:17:40', '2019-11-19 20:19:33'),
(80, 'BENJAMIN', 'BEN_CAROSE@HOTMAIL.COm', '$2y$10$zG.P5XgsWhsaqdIUcT3NoeSMP64mCRsj1KVr0zzSC2OMABGYKGauq', '28226658', 'CARBAJAL', 'QUIJANO', 'MASCULINO', '1958-01-14', 5, 'ESPECIALISTA EN RACIONALIZACION', 'DECRETO LEGISLATIVO N° 276', '967292672', 'ACTIVO', 'IgmI9VInHymfI1kaKOur2yEl0tvkQu07rJL8gjb7sjfWU9iH3z1iTNVGEQHg', '2019-11-19 20:18:41', '2019-12-03 13:15:33'),
(81, 'GLORIA', 'GLORIHA_17@HOTMAIL.COm', '$2y$10$m1X88IVbMkSKwnfYvxTsz.1kIzlNxheNkdmJc9XkTUaFEC.Qaq0bK', '40427939', 'HUAYTALLA', 'AYALA', 'FEMENINO', '1979-12-17', 5, 'ESTADISTICO', 'DECRETO LEGISLATIVO N° 276', '956025543', 'ACTIVO', 'ZqVYYzFDsKysnthMHvmtPQzfHe3JKpUS6Bo68y8od2OIcnnXJinthseuA7pb', '2019-11-19 20:19:00', '2019-12-03 13:20:44'),
(82, 'DORIS', 'DORITA242002@HOTMAIL.COM', '$2y$10$LEDayiNNG79LliVTZOqUe.4XlNxB1ZE9Fd.Sy8Fk.hBn8VNteLRhi', '28297302', 'PARIONA', 'CARBAJAL', 'FEMENINO', '1975-02-08', 5, 'ESPECIALISTA EN RACIONALIZACIÓN II', 'DECRETO LEGISLATIVO N° 276', '966652866', 'ACTIVO', '5U1pAT5l2SZ3lwtWu6IEeQ51DkAtRiM49FgswrGkJU4tDmWyQJsQwcQpqzA9', '2019-11-19 20:19:26', '2020-01-14 14:37:42'),
(83, 'DARWIN WILLIAM', 'dsalcedomontes@gmail.com', '$2y$10$eEwVe2EAqP1/xi9xkd4JPOwT9yRjI4GK4hiijPfn8CzL5OQbv60u.', '48544196', 'SALCEDO', 'MONTES', 'MASCULINO', '1988-06-13', 5, 'RESPONSABLE DE LA UNIDAD FORMULADORa', 'DECRETO LEGISLATIVO N° 1057', '925961668', 'ACTIVO', 'mLKQbS0jc50zuhqLoqo8MAO50p5FwmkJcJuEWe9VfAKUK3xtfCEmZ28VDqI2', '2019-11-21 13:11:46', '2019-11-21 13:21:49'),
(84, 'ISAC', 'ecoisacyl@gmail.com', '$2y$10$TQaVjZNOPhe80C8yigi93u9Rnxlj6xcIPAlyPqlx4alESqumJqGJi', '46029400', 'YUPANQUI', 'LÓPEZ', 'MASCULINO', '1989-02-22', 5, 'ESPECIALISTA EN PROYECTOS DE INVERSIÓN', 'DECRETO LEGISLATIVO N° 1057', '918801508', 'SUSPENDIDO', 'S5CdKdrzugCSUoKYmVXa4QkXJDvZkpaGFloJZ0Xb8Ftia2Wrbn65oOXVdLe5', '2019-11-21 13:11:48', '2020-02-18 12:37:20'),
(85, 'ROCIO DEL CARMEN', 'ROCIDC7@GMAIL.COM', '$2y$10$mrTUP.4UkZqFMC0xZ2RQc.vEVa35Ld7ke6lmATQU/OpHhRObJ69ki', '44072628', 'ARGUMEDO', 'LOJA', 'FEMENINO', '1986-12-10', 5, 'ESPECIALISTA EN LA GESTIÓN DEL INCREMENTO EN EL ACCESO', 'DECRETO LEGISLATIVO N° 1057', '970811523', 'SUSPENDIDO', 'EbhboGm5b9uaPMe2P8C9ISEnmLCUYiiGOgdP9KBX2ZDrCHvHpF15y3EJ44Ro', '2019-11-26 13:15:43', '2020-02-18 12:35:43'),
(86, 'KATERYN', 'katerynmilagros@gmail.com', '$2y$10$2FYqwpZzBfUi9HjkPHvmtuIW.NLMpZ9v6nQzOAhF/BWmUZqVLR3Pq', '45732610', 'PILLACA', 'CHILLCCE', 'FEMENINO', '1988-03-17', 5, 'ESPECIALISTA PARA LA GESTIÓN DE GENERACIÓN DE CONDICIONES', 'DECRETO LEGISLATIVO N° 1057', '999660290', 'ACTIVO', 'E1vacF0TGU0gx2iB3Lw4f8OUeEWD8OfxSTG29z0HcMENyjKJwWDs8KfOSB82', '2019-11-27 13:47:03', '2020-03-09 14:56:56'),
(87, 'SONIA', 'sbpvictoria1@hotmail.com', '$2y$10$zTdZ60T1ziQQh08A82ooien81I/XxCwE.Ad3hstvhxNT1OXYConjC', '28284060', 'BENDEZÚ', 'PRADO', 'FEMENINO', '1969-03-26', 5, 'DIRECTOR DE GESTIÓN INSTITUCIONAl', 'DECRETO LEGISLATIVO N° 276', '996980650', 'ACTIVO', '81km5Z0uRH3duInvNqaeULEKCuPZrLkmBuHrLJ5vCpKegvaTmXQ0c5eDZ7Ib', '2019-11-28 20:36:50', '2019-12-04 16:14:40'),
(88, 'GILBERT', 'GILBERTFERNANDEZGUTIERREZ@GMAIL.COM', '$2y$10$UzxgOEN1S2Oy4hruZdpoVOH9ZqTb0yzDLASXVC6CW1iyfmATBKLzW', '46016607', 'FERNÁNDEZ', 'GUTIÉRREZ', 'MASCULINO', '1989-10-25', 13, 'TÉCNICO ADMINISTRATIVO', 'DECRETO LEGISLATIVO N° 276', '942371271', 'ACTIVO', 'IBGnxiDGWfQ0QiJpVJDmQulLAvD4TnsOw5KgBf544O3OnBgJ8LVbmGsZS52j', '2019-12-04 16:16:53', '2020-03-04 13:50:41'),
(89, 'MARILIN MARIBEL', 'MARILINMSC@HOTMAIL.COm', '$2y$10$8TnBRGGd0nI6FD.7mlGIl.j3VWgm873Riwpoqwdjua/iftup3L536', '28303789', 'SULCA', 'CISNEROS', 'FEMENINO', '1975-11-04', 13, 'TÉCNICO ADMINISTRATIVO', 'DECRETO LEGISLATIVO N° 276', '996926250', 'ACTIVO', 'zpZefO1xTcGl8WZJvIqkvkJIEqQLLXUfdUF84wJlQpUX00XeS9rQwbTnKHnW', '2019-12-04 16:17:12', '2020-01-22 14:30:55'),
(90, 'LUIS ALBERTO', 'LMARTINEZROCCA@GMAIL.COm', '$2y$10$x1xh/KfMHXN7l.OlEQTbheLHLEOVQF.ZFnWwvCoEJ5kcDbwXrNXxC', '28204756', 'MARTÍNEZ', 'ROCCA', 'MASCULINO', '1952-01-04', 13, 'ESPECIALISTA ADMINISTRATIVO II', 'DECRETO LEGISLATIVO N° 276', '966002382', 'ACTIVO', '89AOIG4YGnStDXxXoLjQUbGcFnOkx8uAw4J8jH5u90OLEPFPHE5xezAdHLcl', '2019-12-04 16:18:28', '2020-01-14 18:08:51'),
(91, 'DANIEL', 'DANIELC@GMAIL.COM', '$2y$10$0.Le.AtOxo6hYpNuUM77S.gEHuZOa73QAHhjHQFZyUWNfS/pK05hy', '28224257', 'CUSICAHUA', 'CUSICAHUA', 'MASCULINO', '1962-07-21', 13, 'DESTACADO', 'DECRETO LEGISLATIVO N° 276', '962748219', 'ACTIVO', 'MsptAEntHOuFrcL2r60YJV8RbUaSxut9J6nj5qXtO8FlR7TQZ8It0QzxUk5k', '2019-12-04 16:53:21', '2019-12-04 16:53:21'),
(92, 'YURI', 'IRYUMOLINA@GMAIL.COm', '$2y$10$aWX0vSP4xsqnv7vPDliQg.ANd7jbEWcdC0csBgiCWTCQUAl148ZKS', '43368332', 'MOLINA', 'HUYHUA', 'MASCULINO', '1985-09-08', 13, 'DESTACADo', 'DECRETO LEGISLATIVO N° 276', '971461621', 'ACTIVO', 'Gmow4Y3Bp91Grx5LZwNGesesotGYsspkjw0rzEfLrdNDvvhNCY64b7OoXLdi', '2019-12-10 21:20:08', '2019-12-10 21:43:57'),
(93, 'ARMANDA', 'ARCAJI03@GMAIL.COM', '$2y$10$BAP80tQRh3h3DnL07vf5WusQlqbH2FPfYk9ELhsIRP8LzXOiHVkAq', '10057486', 'CASTILLO', 'JIMÉNEZ', 'FEMENINO', '03/08/1964', 2, 'SECRETARIA II', 'DECRETO LEGISLATIVO N° 276', '931-610-527', 'ACTIVO', 'UEfy3EDnoJrwuL06zF7YzCFAV9iQmSZKP8LY16CxuonAvOscYXbbDJmfbMcA', '2019-12-17 20:32:51', '2019-12-17 20:32:51'),
(94, 'GISELA', 'GISELAPRADO.A@GMaIL.COM', '$2y$10$xCHYW2J1ZnlAR6uS7VxxVOD51o7b2ITe89uoBFt81KZE4Y9mlGV0C', '28314576', 'PRADO', 'AGUIRRE', 'FEMENINO', '1977-11-04', 3, 'AUDITOR II', 'DECRETO LEGISLATIVO N° 276', '999577181', 'SUSPENDIDO', 'ewxcCv2RdD8bNTncv0LaaMdMEjnyabMPNMlQJMZseTQ699gm1AlNRmVXFhjF', '2019-12-18 20:18:51', '2020-02-18 12:35:01'),
(95, 'ROCIO', 'CIELO0128@GMAIL.COM', '$2y$10$PJTM/PZLrBZifq29x3YbdecrDDpb6ka4oaj8Q4WYBRDHDzsNwB8d.', '41804974', 'BELLIDO', 'OSCATA', 'FEMENINO', '28/04/1983', 3, 'ESPECIALISTA EN INSPECTORIA II', 'DECRETO LEGISLATIVO N° 276', '966-182-121', 'ACTIVO', '1KiZce7cpMMss1jw83vTl8wBTTY2hJimALKBR9oOJtHYD3rXvA4qQy0FhWnj', '2019-12-18 20:19:11', '2019-12-18 20:34:40'),
(96, 'WILLY RAUL', 'LENONSOLI1@HOTMAIL.COm', '$2y$10$13GxKNjYlb0D5YkTEiNIzOkeai9rewqbuHcIMvD8wkf9A6h1hVuoG', '28293036', 'SOLIS', 'GOMEZ', 'MASCULINO', '1972-09-14', 3, 'ABOGADO', 'DECRETO LEGISLATIVO N° 1057', '987807777', 'ACTIVO', NULL, '2019-12-18 20:19:14', '2019-12-18 20:19:14'),
(97, 'ZULMIRA', 'ZULMIRARODRIGUEZ2015@GMAIL.COM', '$2y$10$9WYiLff0Nt81zZSL/9HuZ.ITWB/zDcDZJQLLcrz6RMrb.96mRfGZa', '43760493', 'RODRIGUEZ', 'ORIHUELA', 'FEMENINO', '2019-07-02', 3, 'AUDITOR', 'DECRETO LEGISLATIVO N° 728', '999118828', 'ACTIVO', NULL, '2019-12-18 20:23:24', '2019-12-23 19:18:29'),
(98, 'CÉSAR SALOMÓN', 'CBONIFACIO@CONTRALORIA.GOB.PE', '$2y$10$6Ir0ni5UQPzW32ZKFRmFRe9U5u5pANRvl5W3Qo0/2K33/Q35CxBJe', '28684711', 'BONIFACIO', 'ROJAS', 'MASCULINO', '1956-10-22', 3, 'JEFE DEL ÓRGANO DE CONTROL INSTITUCIONAL', 'DECRETO LEGISLATIVO N° 728', '990898009', 'ACTIVO', 'yzkenhrfJ9KccoJdosq0Vm2yPaMaCscJElWF366M4wnSy39GWJBS3qDeNvxP', '2019-12-18 20:29:08', '2020-01-22 20:43:12'),
(99, 'ZENAIDA EDUARDA', 'ZPALOMINIF13@HOTMAIL.COM', '$2y$10$FPaSreJITDW.JM6qQkKrnuxyii2qz.G8Vw6GQ8QVB3clJTh.uCAu.', '24463639', 'PALOMINO', 'FLORES', 'FEMENINO', '1950-10-13', 3, 'SECRETARIA Ii', 'DECRETO LEGISLATIVO N° 276', '974948885', 'ACTIVO', NULL, '2019-12-18 20:40:33', '2020-01-22 20:51:15'),
(100, 'GUALBERTO', 'GUALPAGU@HOTMAIL.COm', '$2y$10$VBGgncC2G3No1RuNKNPMyejp74DzP7boiDu6.BJ3ne4OknWBDQur.', '28289451', 'PALOMINO', 'GUTIERREZ', 'MASCULINO', '1972-08-05', 2, 'DIRECTOR REGIONAL', 'DECRETO LEGISLATIVO N° 276', '966909075', 'ACTIVO', '5Kk6hxaLl1iR1WGKIcJFtkqG6a2PN3PoZbLNIZKuG5O1CiRBaY0WSKhGA64c', '2019-12-30 21:00:03', '2020-01-10 12:36:34'),
(101, 'SILVIA', 'QUISPEHERRERAS2016@GMAIL.COM', '$2y$10$tBmlu5vsmXOVduq7W64qh.xlGzqM7nZrFonuGr44.gJw64cHTU71a', '44198846', 'QUISPE', 'HERRERAS', 'FEMENINO', '01/04/1987', 7, 'RESPONSABLE DE VIÁTICOS', 'DECRETO LEGISLATIVO N° 276', '956-954-866', 'ACTIVO', 'NfVxfbaZJLDHtnamVFdg2lnH2vv6y79qobFskseL5x8lNGfVzrJybZ6km6Yr', '2020-01-09 22:13:41', '2020-01-09 22:13:41'),
(102, 'DIANA ELIZABETH', 'DIANAELIZ8@GMAIL.COm', '$2y$10$IpmSDLkNsKCvF72AQ2by1OsC2LRSqmh6.ydCI3DqaDnoUAD03GUxK', '42445846', 'TACO', 'QUISPE', 'FEMENINO', '1984-06-04', 3, 'AUDITOr', 'DECRETO LEGISLATIVO N° 276', '988883458', 'ACTIVO', 'msVhE2wVVR3t2GvMjMTxwTvdd24rj6Yn3bSkEtB78w1HBbY9BkVYdfiXfy7J', '2020-01-22 20:30:26', '2020-01-27 15:34:10'),
(103, 'EDWIN YONY', 'EYONY_GH5471@HOTMAIL.COM', '$2y$10$XFTFNEfAEzCqed4DkJqUZ.ZVyzXJdFmuxeByzWmIP5EhhSPaNjyge', '41803243', 'GARAMENDI', 'HINOSTROZA', 'MASCULINO', '08/01/1992', 5, 'ESTADISTICO', 'DECRETO LEGISLATIVO N° 276', '981-910-804', 'ACTIVO', 'SARpQiM1bkx608qA24Ox7LTaXHYZSXDXG299HS4n0odlS8huH8hY52Pqd3w0', '2020-02-18 14:26:38', '2020-02-18 14:26:38'),
(104, 'VÍCTOR RAÚL', 'vrgch@hotmail.com', '$2y$10$irAxUInahl.TlUCYjLBz/OfqFGXTsPXoBVjzHxMz8giiWlGX3Nmxa', '41116533', 'GALINDO', 'CONDOR', 'MASCULINO', '1980-08-28', 5, 'INGENIERO Uf', 'DECRETO LEGISLATIVO N° 1057', '988891855', 'ACTIVO', 'ztGHxZRybzOpaYdnQ5A3EQ5foVJ6zbODVD9TUQYo1lBVTPLeZLsVwHJ5lvyD', '2020-03-03 21:40:12', '2020-03-04 13:07:00'),
(105, 'MARIBEL', 'MARILABF@HOTMAIL.COM', '$2y$10$0297KjH0bUrz8bf7pPb0Nu0Rzo.euRodC.yBFuug/BJMiSocQKz6S', '41988854', 'BARBOZA', 'FLORES', 'FEMENINO', '25/07/1982', 12, 'ABOGADO', 'DECRETO LEGISLATIVO N° 1057', '990-219-191', 'ACTIVO', NULL, '2020-03-09 13:47:46', '2020-03-09 13:47:46'),
(106, 'ALEJANDRO RONALD', 'RONALDVIZA@GMAIL.COM', '$2y$10$6pI/IPs3SzkaU5menhClceEvOo46x6W7ZyBlRCNdCc9Q.s5Qkawt.', '22274984', 'VIZARRETA', 'PALOMINO', 'MASCULINO', '22/09/1972', 4, 'CCI', 'DECRETO LEGISLATIVO N° 1057', '974-886-191', 'ACTIVO', 'FnfYYzNphcm9S68bFfGD70tzbA3q1WF2Y0LK6sMz0thVZKJMAS5sg6hN35fa', '2020-03-13 12:39:00', '2020-03-13 12:39:00');

--
-- Índices para tablas volcadas
--

--
-- Indices de la tabla `leaves`
--
ALTER TABLE `leaves`
  ADD PRIMARY KEY (`id`),
  ADD KEY `leaves_user_id_foreign` (`user_id`),
  ADD KEY `leaves_leavetype_id_foreign` (`leavetype_id`);

--
-- Indices de la tabla `leavetypes`
--
ALTER TABLE `leavetypes`
  ADD PRIMARY KEY (`id`),
  ADD UNIQUE KEY `leavetypes_slug_unique` (`slug`);

--
-- Indices de la tabla `migrations`
--
ALTER TABLE `migrations`
  ADD PRIMARY KEY (`id`);

--
-- Indices de la tabla `offices`
--
ALTER TABLE `offices`
  ADD PRIMARY KEY (`id`),
  ADD UNIQUE KEY `offices_slug_unique` (`slug`);

--
-- Indices de la tabla `password_resets`
--
ALTER TABLE `password_resets`
  ADD KEY `password_resets_email_index` (`email`);

--
-- Indices de la tabla `permissions`
--
ALTER TABLE `permissions`
  ADD PRIMARY KEY (`id`),
  ADD UNIQUE KEY `permissions_slug_unique` (`slug`);

--
-- Indices de la tabla `permission_role`
--
ALTER TABLE `permission_role`
  ADD PRIMARY KEY (`id`),
  ADD KEY `permission_role_permission_id_index` (`permission_id`),
  ADD KEY `permission_role_role_id_index` (`role_id`);

--
-- Indices de la tabla `permission_user`
--
ALTER TABLE `permission_user`
  ADD PRIMARY KEY (`id`),
  ADD KEY `permission_user_permission_id_index` (`permission_id`),
  ADD KEY `permission_user_user_id_index` (`user_id`);

--
-- Indices de la tabla `products`
--
ALTER TABLE `products`
  ADD PRIMARY KEY (`id`);

--
-- Indices de la tabla `roles`
--
ALTER TABLE `roles`
  ADD PRIMARY KEY (`id`),
  ADD UNIQUE KEY `roles_name_unique` (`name`),
  ADD UNIQUE KEY `roles_slug_unique` (`slug`);

--
-- Indices de la tabla `role_user`
--
ALTER TABLE `role_user`
  ADD PRIMARY KEY (`id`),
  ADD KEY `role_user_role_id_index` (`role_id`),
  ADD KEY `role_user_user_id_index` (`user_id`);

--
-- Indices de la tabla `users`
--
ALTER TABLE `users`
  ADD PRIMARY KEY (`id`),
  ADD UNIQUE KEY `users_email_unique` (`email`),
  ADD UNIQUE KEY `users_dni_unique` (`dni`),
  ADD KEY `users_office_id_foreign` (`office_id`);

--
-- AUTO_INCREMENT de las tablas volcadas
--

--
-- AUTO_INCREMENT de la tabla `leaves`
--
ALTER TABLE `leaves`
  MODIFY `id` int(10) UNSIGNED NOT NULL AUTO_INCREMENT, AUTO_INCREMENT=520;

--
-- AUTO_INCREMENT de la tabla `leavetypes`
--
ALTER TABLE `leavetypes`
  MODIFY `id` int(10) UNSIGNED NOT NULL AUTO_INCREMENT, AUTO_INCREMENT=10;

--
-- AUTO_INCREMENT de la tabla `migrations`
--
ALTER TABLE `migrations`
  MODIFY `id` int(10) UNSIGNED NOT NULL AUTO_INCREMENT, AUTO_INCREMENT=252;

--
-- AUTO_INCREMENT de la tabla `offices`
--
ALTER TABLE `offices`
  MODIFY `id` int(10) UNSIGNED NOT NULL AUTO_INCREMENT, AUTO_INCREMENT=14;

--
-- AUTO_INCREMENT de la tabla `permissions`
--
ALTER TABLE `permissions`
  MODIFY `id` int(10) UNSIGNED NOT NULL AUTO_INCREMENT, AUTO_INCREMENT=34;

--
-- AUTO_INCREMENT de la tabla `permission_role`
--
ALTER TABLE `permission_role`
  MODIFY `id` int(10) UNSIGNED NOT NULL AUTO_INCREMENT, AUTO_INCREMENT=13;

--
-- AUTO_INCREMENT de la tabla `permission_user`
--
ALTER TABLE `permission_user`
  MODIFY `id` int(10) UNSIGNED NOT NULL AUTO_INCREMENT;

--
-- AUTO_INCREMENT de la tabla `products`
--
ALTER TABLE `products`
  MODIFY `id` int(10) UNSIGNED NOT NULL AUTO_INCREMENT;

--
-- AUTO_INCREMENT de la tabla `roles`
--
ALTER TABLE `roles`
  MODIFY `id` int(10) UNSIGNED NOT NULL AUTO_INCREMENT, AUTO_INCREMENT=5;

--
-- AUTO_INCREMENT de la tabla `role_user`
--
ALTER TABLE `role_user`
  MODIFY `id` int(10) UNSIGNED NOT NULL AUTO_INCREMENT, AUTO_INCREMENT=777;

--
-- AUTO_INCREMENT de la tabla `users`
--
ALTER TABLE `users`
  MODIFY `id` int(10) UNSIGNED NOT NULL AUTO_INCREMENT, AUTO_INCREMENT=107;

--
-- Restricciones para tablas volcadas
--

--
-- Filtros para la tabla `leaves`
--
ALTER TABLE `leaves`
  ADD CONSTRAINT `leaves_leavetype_id_foreign` FOREIGN KEY (`leavetype_id`) REFERENCES `leavetypes` (`id`) ON UPDATE CASCADE,
  ADD CONSTRAINT `leaves_user_id_foreign` FOREIGN KEY (`user_id`) REFERENCES `users` (`id`) ON UPDATE CASCADE;

--
-- Filtros para la tabla `permission_role`
--
ALTER TABLE `permission_role`
  ADD CONSTRAINT `permission_role_permission_id_foreign` FOREIGN KEY (`permission_id`) REFERENCES `permissions` (`id`) ON DELETE CASCADE,
  ADD CONSTRAINT `permission_role_role_id_foreign` FOREIGN KEY (`role_id`) REFERENCES `roles` (`id`) ON DELETE CASCADE;

--
-- Filtros para la tabla `permission_user`
--
ALTER TABLE `permission_user`
  ADD CONSTRAINT `permission_user_permission_id_foreign` FOREIGN KEY (`permission_id`) REFERENCES `permissions` (`id`) ON DELETE CASCADE,
  ADD CONSTRAINT `permission_user_user_id_foreign` FOREIGN KEY (`user_id`) REFERENCES `users` (`id`) ON DELETE CASCADE;

--
-- Filtros para la tabla `role_user`
--
ALTER TABLE `role_user`
  ADD CONSTRAINT `role_user_role_id_foreign` FOREIGN KEY (`role_id`) REFERENCES `roles` (`id`) ON DELETE CASCADE,
  ADD CONSTRAINT `role_user_user_id_foreign` FOREIGN KEY (`user_id`) REFERENCES `users` (`id`) ON DELETE CASCADE;

--
-- Filtros para la tabla `users`
--
ALTER TABLE `users`
  ADD CONSTRAINT `users_office_id_foreign` FOREIGN KEY (`office_id`) REFERENCES `offices` (`id`) ON UPDATE CASCADE;
COMMIT;

/*!40101 SET CHARACTER_SET_CLIENT=@OLD_CHARACTER_SET_CLIENT */;
/*!40101 SET CHARACTER_SET_RESULTS=@OLD_CHARACTER_SET_RESULTS */;
/*!40101 SET COLLATION_CONNECTION=@OLD_COLLATION_CONNECTION */;
